class_type,thumb_fingerX,thumb_fingerY,index_fingerX,index_fingerY,middle_fingerX,middle_fingerY,ring_fingerX,ring_fingerY,pinky_fingerX,pinky_fingerY
A,701.4201283,318.9194798,915.017724,875.9870529,1033.827782,1007.42209,1137.799859,1162.52768,1299.975634,1230.812311
A,738.009572,546.6952324,896.4388371,982.4846983,1015.012383,1089.546204,1108.672738,1195.127249,1244.127035,1195.254564
A,649.540782,382.2001219,865.4267788,934.9893332,987.5882864,1071.101904,1085.783601,1227.977633,1242.133617,1304.133892
A,684.5872402,395.7318366,797.8399992,821.5994835,967.0014977,907.1899652,1098.76585,1031.728745,1269.232035,1040.46464
A,678.8971424,390.3436065,773.604393,815.7421947,949.3583441,898.147583,1081.417561,1023.652792,1254.388928,1041.034222
A,723.7843275,406.5406919,830.6424618,851.1986136,999.6944666,928.136766,1135.414958,1054.213047,1308.20775,1072.291732
A,697.3612905,396.4795768,787.5515223,844.7391987,959.3744278,923.4304428,1093.756795,1050.974488,1269.919753,1065.598011
A,689.7805929,346.950233,786.6299152,784.6286297,953.5089135,865.6184077,1081.416488,989.6437526,1254.888773,1009.039879
A,738.8663888,517.5557137,878.1713247,943.0167675,996.5803623,1045.76993,1093.44542,1143.661737,1233.691335,1140.24353
A,534.4291925,700.4448175,682.0126176,1173.006296,801.4762998,1268.988848,889.5331621,1373.421192,1023.827076,1379.391432
A,834.2982531,585.9855413,998.6054301,869.0080047,1106.48036,960.6792331,1220.246315,1027.200937,1353.239894,1060.605645
A,842.7245617,600.9043455,1020.997882,870.644331,1125.814795,966.7243958,1238.316059,1031.107903,1366.073608,1067.846537
A,628.4477711,432.1626723,812.1064901,897.533536,989.2636538,931.7579269,1135.244608,1048.380136,1286.321521,1112.787843
A,507.904768,323.9273429,796.4259386,810.0350499,983.2954407,831.4623237,1166.93759,966.9190645,1351.374745,1031.303525
A,545.3752875,379.5811534,781.7598581,906.6998959,976.0933518,954.3244839,1153.957844,1080.4919,1323.591352,1146.157265
A,421.7499197,343.7475562,728.1169891,746.8292117,900.2834558,852.0871401,1072.663069,936.4823103,1248.728514,953.1055689
A,508.0803633,359.174937,755.0513744,730.8632135,923.7513542,839.3315077,1083.104968,932.2499633,1250.370979,956.4138651
A,515.1695609,393.5318291,796.3588834,781.8070054,948.594749,879.1635036,1105.621338,944.9136257,1248.488426,985.1703644
B,1140.615791,1281.823963,1205.334067,269.9332684,1412.146091,176.2902737,1604.884863,343.6274081,1751.614809,720.7982242
B,1222.95633,1239.881665,1135.235503,501.1822283,1286.816299,444.470346,1426.311433,548.0224267,1575.652063,788.0355418
B,1173.732802,1276.605278,1085.7521,569.4628507,1242.729351,520.3874409,1370.865554,611.699298,1499.821097,841.3611352
B,1177.009568,1211.834103,1112.179533,515.4816806,1264.785081,462.057218,1396.650672,552.7020618,1539.417654,795.6624031
B,1224.051118,1315.4383,1183.38123,584.4987184,1333.909482,537.3854935,1460.027844,644.5664167,1595.383883,892.0936286
B,1303.84624,1480.567306,1123.460382,819.131434,1286.034733,759.408921,1423.92084,840.7260478,1565.076411,1080.390662
B,1236.064658,1418.777257,1073.285267,759.3727112,1231.42615,693.9115375,1388.199925,787.4514163,1515.776962,1012.720615
B,994.8318005,1141.642094,817.7599311,487.5645638,958.1984878,395.0811028,1078.819871,466.9107199,1180.56798,661.6908908
B,998.1327057,1113.724709,820.1308846,453.9176226,969.3848491,359.2014313,1087.913156,431.9229722,1190.869808,631.8845749
B,867.2684431,1252.081275,679.5721054,587.5145197,837.5065327,523.3554244,972.8267193,623.7860322,1110.808611,842.4226642
B,1088.807061,1308.33447,1234.67043,318.5837716,1408.97885,228.6358923,1612.434387,416.3112491,1745.078266,782.2626084
B,1238.853857,1203.980222,1144.204736,480.6816578,1297.776401,419.703573,1427.926868,527.353771,1583.800167,756.9683343
B,1418.415606,1367.130876,1066.970602,516.0624534,1217.485666,406.9672525,1345.553398,470.3482985,1526.473612,753.5835356
B,1433.310956,1313.803643,1111.434326,467.6488042,1251.792312,368.2965785,1403.692961,445.7179457,1560.793817,729.9634814
B,1290.187687,1273.705959,971.8631953,440.8696294,1138.764769,333.7865323,1302.738041,417.8804159,1445.118934,711.5322351
B,1155.185029,1339.191645,1146.832108,384.8560899,1334.301233,270.2359855,1536.855698,432.0569336,1681.442112,726.0389626
B,1057.059094,1402.363479,1057.882309,409.9263251,1250.829548,327.6587278,1459.593922,502.2734404,1582.689881,807.3145896
B,1122.059226,1448.526233,1154.756844,468.5200006,1354.710162,380.0966591,1549.802721,561.4221096,1671.200395,865.9979701
C,419.6471572,982.9497933,219.4910645,396.5693712,186.5974665,411.6617441,230.7873964,467.5013721,436.3140464,558.6134791
C,514.9589181,944.1279173,648.584187,419.0665483,633.5397959,415.2948856,719.9401855,490.5766845,917.2410369,615.0127649
C,465.1854038,1020.276785,536.0742211,480.2384377,525.1765251,507.7402592,607.3135734,583.5995078,812.9763603,676.2396693
C,466.0702944,1045.801401,545.7946062,513.5509372,534.9865556,519.5046663,608.9805961,595.0068235,826.3905048,697.1068978
C,410.2765918,987.8817201,449.4866729,459.667623,427.7735949,458.2049549,488.4471297,516.0781741,707.2896957,607.5298786
C,556.8537712,1033.468127,585.4637027,595.0185061,528.1433463,568.8376427,524.2836475,609.3457937,659.2905521,684.1739416
C,526.2337923,983.086884,553.2484651,565.2183294,496.8746305,539.9721265,489.3032312,583.6019516,629.6919584,655.3659439
C,626.7730594,1067.546129,654.7584534,574.4920373,606.7249179,553.8001657,596.1755514,550.7059097,671.2902784,599.1004705
C,352.3479104,1075.307488,538.0373001,540.6993628,504.9311519,522.8486657,544.7274446,599.3334651,680.5512905,754.1491389
C,392.0470476,1016.616106,587.6368284,509.8446608,546.597898,496.9609976,579.5311928,580.58846,698.8880634,739.5317554
C,513.9443278,1030.005097,646.1287141,466.645509,623.3967543,464.0698731,691.1852956,534.0694785,882.4235201,668.5677767
C,568.596065,789.6655202,544.9572206,323.6008883,509.1522336,321.8424618,540.9266353,373.411268,654.2289257,473.2183814
C,419.7773337,796.6706157,391.3721442,550.1086116,417.2615409,514.7479177,494.0018356,563.9153123,566.113472,619.2429066
C,517.3460245,898.50986,559.882462,435.2977276,551.7993569,406.5717459,582.1708441,458.9642882,684.6656799,533.0800414
C,500.0731349,942.5779581,539.5439267,397.8740871,466.6546583,360.3319228,473.6841321,365.6927347,622.7927208,446.2378621
C,517.2036886,914.7273302,620.7587123,353.1519175,565.8634901,305.9144914,584.8559737,331.6525519,701.8233538,435.5190396
C,480.5128574,918.7556505,562.4662042,338.4338319,495.189786,291.7465866,498.8716245,321.5533793,620.0053096,453.9084136
D,953.6439925,1167.760119,1112.299114,348.8402069,1012.849659,1235.44015,1053.509563,1394.987702,1074.997112,1529.35639
D,834.4559371,1180.531755,1195.493788,415.6585783,1016.014218,1188.629121,1030.470282,1255.242527,1007.921696,1291.878223
D,880.3763986,1313.439757,1227.702647,588.2337689,1096.762642,1313.319951,1132.626384,1397.088319,1137.606204,1470.253021
D,841.845572,1296.706051,1169.297695,553.304404,1033.846214,1287.447065,1066.900939,1385.067701,1073.49731,1462.930739
D,792.8393781,1269.526929,1210.643575,518.2348192,974.9650955,1254.616827,985.9524667,1329.026222,955.7656199,1417.004168
D,814.9486035,1276.709586,1211.207956,539.5236611,1003.48793,1276.22813,1023.774147,1359.49105,1013.496146,1442.649662
D,696.6982037,1461.210996,1149.97223,698.3777881,634.9009275,1458.346248,735.2486253,1690.697521,820.7334578,1759.952605
D,666.8541431,1037.626982,958.4815502,420.2634692,652.2794962,992.4108982,594.8705673,1074.552774,605.2170992,1067.860007
D,569.9259639,1032.608509,802.9446602,408.370316,323.310554,1131.392241,373.6294806,1353.866577,450.4968226,1412.719369
D,748.6888766,1312.33409,1160.068884,607.5613573,647.4617124,1410.469115,738.2018864,1627.750695,818.1117475,1683.746725
D,937.1846914,1156.441346,1038.579866,326.1694312,971.1261839,1198.040396,997.9298711,1353.171915,1019.784287,1458.750367
D,973.3814746,1221.742034,1218.322292,464.290306,1090.728566,1343.914568,1106.581092,1450.009048,1093.750671,1527.646482
D,959.5251828,1082.611904,1250.972599,292.2929823,1131.363139,1263.060868,1161.332577,1457.73083,1150.236428,1610.596776
D,1026.886702,1070.672795,1278.920323,350.7188708,1160.675436,1266.38636,1201.749295,1469.723135,1183.546707,1619.146913
D,737.8467917,1183.556244,1096.725613,408.1600904,794.2506671,1110.925674,824.822858,1226.09809,872.6670593,1183.882281
D,777.2777975,1145.442575,1251.513958,431.0646653,788.2215083,1119.47,788.211301,1275.93711,808.1570268,1293.893456
E,759.9896193,1017.325163,922.9563475,569.080174,1110.568047,689.9467707,1275.217652,783.100605,1448.071003,818.6894655
E,772.3896503,1093.513846,928.0194044,646.6388106,1105.582118,770.8159685,1276.058912,851.462245,1451.490521,913.1330252
E,722.2983837,962.2694254,791.7408943,755.6010485,936.3600016,847.1171856,1075.721502,890.7503486,1217.313886,894.5612907
E,763.0676031,883.1544518,796.3442802,700.9162307,938.823998,788.3901,1079.287767,840.3032422,1226.870298,840.1686549
E,781.9343805,954.3191195,824.7210383,784.4786644,971.43507,852.4550796,1107.390165,904.0700197,1255.082488,902.0353556
E,737.7943993,920.9197164,778.3643007,786.9718671,925.5837798,834.203124,1067.500234,884.7351074,1220.578671,882.5640678
E,682.0958257,905.8870077,760.2108121,771.2644935,897.223413,860.8747125,1044.324279,906.7357779,1200.423956,915.4781699
E,894.8924541,1144.207239,705.0652504,851.9489765,856.0519814,780.1177502,1004.154921,870.1493144,1120.129347,916.3444042
E,883.8672638,1058.870435,678.1400442,770.3017592,847.5766182,693.5153008,993.7175512,784.0347886,1116.848826,829.9188614
E,844.2294598,1108.921051,669.5636511,816.5127039,822.2154379,751.6815662,976.1824608,838.7408257,1099.158287,877.8891563
E,929.9641252,1015.55872,759.3085766,784.2028141,927.7455211,699.5132565,1074.486136,805.8902025,1198.36545,838.0269408
E,910.3584886,1059.744835,734.5374823,798.0149984,895.8204389,710.7916474,1044.757605,818.8269138,1158.296227,872.3834157
E,692.022562,889.087677,741.174221,500.5554557,935.2471232,513.5555267,1132.57277,650.9103775,1328.853965,701.4995217
E,828.1289935,1122.511387,824.1679668,544.8762178,1038.200974,547.1915603,1215.435743,683.2906008,1420.856476,717.1407342
E,812.5607371,935.4757071,773.6417055,644.2370415,962.7360106,648.9302516,1121.799588,685.0147843,1293.878198,754.8903823
E,773.3610868,947.5046396,707.5563073,624.1850853,902.7647972,621.6655374,1080.064178,693.700552,1241.143227,768.8575983
E,846.1420536,943.8439012,764.9391294,675.4521728,973.9593863,678.7673831,1147.420645,745.7345128,1289.211631,792.2294736
F,849.743709,1296.643317,923.8538146,1218.899712,1210.923567,264.4749731,1470.797211,419.6763039,1633.890122,736.6539538
F,792.5398648,1137.691438,931.2351048,1123.018637,1362.740993,372.7611154,1517.740488,478.5531014,1620.249003,796.771124
F,806.9255948,1152.254939,950.1614422,1114.855185,1347.734034,382.1524233,1499.089897,486.138761,1617.081463,788.9510691
F,747.8452474,1043.247283,876.0340512,997.3374754,1275.397092,268.1978792,1419.261992,378.2462329,1544.822156,686.5268946
F,692.1028346,1014.859006,831.4695954,973.3860195,1203.437373,250.0812709,1372.550279,366.6238487,1499.536633,659.1586024
F,757.8495145,1270.523667,840.556547,1185.706481,1150.00695,272.6813406,1405.77659,428.6532104,1546.567827,732.1549207
F,911.9708836,1425.40127,985.0214422,1311.914474,1125.697419,617.6220626,1312.605143,670.3152508,1506.085545,904.2029083
F,757.219553,1007.348299,723.2149839,1014.93752,849.0720987,217.3407674,989.3916845,302.2323251,1109.018803,499.4053245
F,772.6289034,1014.479041,742.7991629,990.2023673,891.9634819,220.8581567,1034.00898,303.4005165,1150.151491,505.6677461
F,519.3629265,1150.502563,555.0490022,1017.274976,685.1929426,373.7939596,856.1813831,428.3484817,1046.189666,649.7082114
F,872.3652363,1423.225105,940.1517361,1306.297034,1083.010733,612.9143387,1276.155412,666.1431491,1482.426226,903.1295776
F,827.3308724,1163.034439,978.5311669,1120.544448,1390.121579,390.3749585,1534.924209,505.8743805,1647.063494,811.5291595
F,978.936106,1475.521326,1062.049344,1469.965875,1375.408769,346.9055891,1596.89337,494.3927377,1765.035093,822.359398
F,861.0463142,1422.890574,986.7607802,1420.928538,1297.021657,341.2505984,1526.002586,462.2195661,1668.585241,756.0519874
F,809.0853691,1485.345215,966.7727351,1539.997607,1217.532009,423.4886914,1422.046721,548.6008525,1600.852609,835.9137177
F,1084.703058,1280.762106,1089.127138,1273.772717,1211.524233,399.4967788,1358.405054,462.7033323,1486.307681,686.7574155
F,1229.972392,1361.061931,1189.008281,1355.551332,1371.891797,491.9343442,1509.461403,556.5980077,1627.526879,781.1956108
F,1159.401238,1342.573464,1086.962149,1313.139647,1302.072257,441.2357509,1437.502205,526.5738815,1547.372192,748.6723363
G,398.7326622,856.1937809,213.0934596,568.4062243,899.4683027,967.233777,926.8692732,1063.141108,957.0820928,1154.165268
G,388.805747,980.5698991,125.4274845,660.1375341,1041.886568,1094.157696,1166.992307,1201.441526,1216.087461,1297.254086
G,436.0586405,955.8746219,317.6938891,636.9637847,958.9236975,1040.51125,970.9824324,1105.882645,974.0715027,1186.432242
G,447.6441741,874.2412329,322.876215,559.5650077,923.5525727,882.6410174,957.2334886,985.0687981,984.1814637,1081.930399
G,403.6509991,885.3737116,233.3016992,564.665854,911.2973213,968.2189226,936.0625148,1060.991287,958.4693909,1165.171504
G,434.0207577,910.7887149,238.5303974,611.1066341,979.6575904,983.0146432,995.9591031,1080.685854,1032.028913,1190.413594
G,403.0806422,1075.111389,351.4671326,683.1567883,732.3735356,1139.239788,894.3556547,1224.480748,949.8938918,1261.28006
G,679.336369,1059.848189,537.2582674,714.6826386,1109.641552,934.3707561,1130.339146,999.3493557,1144.337773,1047.433972
G,380.6962371,1009.516954,313.5216236,600.9926796,722.8216529,1017.855048,846.7836976,1064.351678,927.9085994,1105.557561
G,416.0541892,1056.290388,360.0045443,686.8874431,738.7766838,1099.914551,874.7622371,1178.074956,945.2797174,1231.773019
G,566.5539503,844.9240923,271.7397213,411.036104,849.7381806,871.5660572,853.0926704,957.3044777,795.232296,1038.799167
G,468.4777856,917.0124531,300.0123501,523.3698487,978.8883924,858.0260277,969.5483446,943.2427883,940.6054616,973.2893109
G,629.1882992,924.3222475,480.9678793,640.3965354,1001.508951,897.4337578,1004.900694,967.3284888,779.3483734,935.9158278
G,569.9543953,913.0830765,402.8451443,598.6466408,955.1002979,861.9788885,931.6596985,930.2228689,746.193409,939.4044876
H,630.7025552,1166.736007,236.3370061,780.7056308,164.0202999,914.609611,864.8017049,1320.713282,893.6043382,1420.609951
H,640.8866644,1087.410808,232.3207855,677.0243645,134.0557933,836.6353512,820.8180666,1231.060863,858.5960865,1332.6478
H,623.3779192,1093.78612,226.403594,699.8586059,153.5207033,847.8065729,858.9930534,1266.034961,881.2453747,1394.014359
H,587.3235464,1092.634916,202.0046711,692.3441291,129.9304962,863.1210327,812.9704595,1245.053649,850.029707,1352.409959
H,592.2874212,987.36763,146.9676495,679.3231964,109.957993,783.033967,810.749054,1205.607891,838.9377594,1342.856169
H,737.6006842,1010.659099,365.9999371,854.2738557,283.6178541,1024.159908,860.2668643,1359.656096,933.832109,1449.018598
H,713.0951881,983.0454588,393.5230374,823.6361742,289.2010808,995.2347279,858.3624363,1370.001316,962.7250433,1437.060595
H,841.7260647,1034.610629,510.0976229,985.1657152,445.810318,1096.443415,1041.036606,1180.685759,1067.399025,1276.958704
H,803.6919832,957.9696655,451.1828423,939.6058321,354.5804024,1068.382025,1101.876736,1166.931629,1074.313402,1278.912425
H,767.9607272,1104.87628,351.164341,888.2462978,236.9400859,1014.67061,789.7416353,1436.784506,880.320549,1513.99231
H,775.8839726,829.3949366,238.6971712,789.3166542,317.2445893,1010.599256,1077.291727,1222.383261,1232.46944,1339.130878
H,1028.788239,1266.199946,448.1453449,1199.02283,364.8619354,1385.697722,1270.258129,1690.068394,1244.178861,1853.547394
H,1116.008908,1212.399229,519.8922753,1296.392977,797.3477989,1592.195183,1100.21852,1785.494685,1257.327944,1869.973242
H,1008.122116,1300.209761,432.0589453,1390.892714,358.0772132,1610.911638,1308.25907,1809.012592,1363.218278,1973.405033
H,899.0091085,1095.009819,473.2554406,920.2602506,342.9193795,1064.258441,1262.608916,1271.446943,1284.557581,1423.782557
H,901.9048512,1234.530434,585.8195573,902.7646482,485.4863137,949.6921301,1138.215661,1226.060316,1260.840297,1359.866261
H,947.9387105,1240.553707,655.0629437,880.9664845,561.8388951,983.799845,1344.846785,1267.645508,1402.181983,1393.012404
I,612.2947931,864.3571734,652.7348757,979.9563885,807.5138927,1067.210197,932.1085215,1013.092637,1254.246354,363.2566333
I,614.9608493,909.1718197,598.4992981,1125.468612,770.3665495,1298.464894,909.4203115,1345.61789,1075.906157,279.6365619
I,720.2060223,934.0130687,738.6205196,1032.188892,885.5215907,1137.097239,1005.977035,1098.381281,1330.003023,514.791429
I,705.9277892,920.7390547,706.7326307,1017.757893,847.1325636,1120.049953,969.0889716,1087.435722,1281.283379,480.8612168
I,620.0509071,898.9167213,658.3992243,1023.690343,807.1665764,1095.134139,932.4156046,1070.4422,1216.592789,444.069773
I,631.9173574,899.4245529,683.5083961,1012.407899,821.0414648,1103.046298,943.2915449,1072.40057,1232.296705,439.9300218
I,577.2550106,964.979589,694.3223476,1203.897715,842.4681425,1343.695998,953.8239241,1404.59466,1087.886453,543.0366993
I,748.9843965,870.2276349,768.3759928,1114.199758,873.8943338,1233.20806,985.0081205,1259.714603,1194.121838,511.0082626
I,583.1496716,884.6111894,681.0082197,1132.438421,830.6052685,1249.07577,949.6464729,1299.341559,1095.311642,460.1244926
I,664.2615795,878.2756925,764.8658156,1125.506163,909.547627,1266.111374,1022.871017,1331.504941,1160.582662,465.7846689
I,703.9384246,900.1787901,700.7508278,1105.189562,876.4896393,1277.029991,1017.858148,1314.993739,1211.831331,222.9995728
I,787.1108055,1050.988436,701.5978098,1185.182452,903.9033055,1281.226158,1048.552752,1248.780608,1286.267519,259.5350742
I,695.5137849,908.4252715,667.1463847,1087.72552,833.0765963,1238.916516,972.4190831,1280.017138,1170.306683,337.1059299
I,782.1729183,944.2331195,773.7263441,1116.583586,939.2544627,1260.565758,1082.980633,1286.53121,1321.184874,351.977706
I,855.1627398,842.272222,900.4483819,1139.583349,1040.333152,1271.566868,1171.253562,1284.554124,1290.324211,374.7788668
I,819.9317455,731.3008308,851.9357443,1050.554872,965.1226997,1196.548581,1104.827881,1214.42461,1305.011749,329.6916783
I,774.4116187,711.7683887,798.4392643,1043.685198,913.7185216,1183.349133,1052.495718,1198.115706,1252.256036,323.2196867
J,952.6851773,1029.941201,910.0526571,960.6472254,768.4673071,1055.445552,643.738091,1117.809057,172.5665927,825.7598877
J,626.0387301,519.1276073,926.789999,732.4845195,840.3573036,923.5310555,709.2555761,1070.172429,345.6977606,1031.09479
J,817.4660206,485.0767851,916.772902,693.687737,847.4436402,892.8692341,764.2059326,1092.974305,550.6777763,1108.48999
J,1021.119595,1011.330605,977.6557088,981.2401533,833.4863782,1100.874662,706.9480419,1171.901226,197.4717379,792.9127216
J,1021.80016,1007.517695,983.813405,958.0180049,839.4085169,1071.862102,712.4092579,1145.471334,224.6559262,782.1727991
J,1032.393694,994.636178,967.4067497,945.9383488,829.3833733,1064.114213,685.4886413,1135.189533,214.7548795,779.6888947
J,1085.413456,770.03932,1074.161649,931.0190678,971.5998173,958.4137797,833.2702518,1032.326937,685.4779124,1011.146069
J,1095.996618,700.8597851,1083.640099,822.306335,977.3839116,869.2613244,830.7961226,952.7567625,661.3580585,916.5055156
J,986.0644341,764.1663551,993.4772253,884.5857382,841.1290646,967.8881168,713.0531073,1016.465068,174.3969321,663.1367207
J,1048.965931,1025.717139,965.6052589,952.1881342,824.5154619,1062.692404,704.4496536,1138.480663,200.9451389,790.8391356
J,948.1619,808.6416721,947.2138286,926.0662198,804.2754531,999.4104505,685.6721044,1049.27218,178.4906983,726.4690995
J,863.1093502,604.6596766,901.7992616,776.1051655,840.2363658,906.4902663,703.533113,1079.560995,518.1147456,1084.572673
J,1057.915807,577.8722763,1179.361463,846.2876678,1006.566167,912.1629596,842.5762057,984.9445224,551.9630909,811.2722635
J,1066.6219,543.6003208,1130.301952,794.0288782,951.1077404,829.5533657,782.0984125,896.9785571,543.0236459,781.2888026
J,999.4163513,538.6196375,1104.633331,793.0883765,950.6508112,834.8184824,792.4929857,923.3261943,567.296505,839.4055367
K,625.5049706,682.8238964,361.6713285,207.4961662,939.5480156,216.0021663,952.9325962,1442.508698,1081.64227,1434.02791
K,698.7360716,862.426281,492.8013682,403.4433961,916.3942933,402.3800492,794.0648198,1459.893823,915.4503345,1477.451801
K,835.0172639,771.5445757,614.1915917,287.5599265,1217.54241,420.899868,975.3428102,1408.744097,1079.132438,1438.918829
K,883.6618066,781.0091376,701.6257048,281.3031673,1302.563906,419.5537567,1022.989988,1431.082964,1111.339331,1459.410667
K,872.4871874,754.1948557,738.7670279,255.556345,1314.0558,446.6620684,993.0870533,1415.592432,1094.153404,1446.965694
K,906.5656066,847.6746678,753.8924217,347.3683,1345.340848,502.9988289,1002.317548,1519.401073,1093.975186,1552.790046
K,909.4793797,750.0460148,793.1376696,254.8282146,1363.576174,474.6892452,1020.21718,1451.393843,1124.880075,1491.47737
K,932.8227639,701.1764646,825.4728317,352.3094058,1265.01596,425.5618453,960.6940746,1291.678786,1079.458117,1324.831009
K,923.3344197,933.2810044,721.7307091,468.5918093,1195.292592,476.3823748,1040.537238,1508.638859,1160.789013,1520.274162
K,889.8894787,963.4647965,700.4354,501.3167858,1161.518931,530.6195021,1008.780956,1555.449843,1129.552722,1547.153234
K,642.4729824,681.3319325,452.986151,263.7631297,957.9311609,235.5212569,977.5813818,1399.457455,1101.41921,1392.657876
K,724.4710922,881.6673756,526.3602734,433.45052,983.1622839,433.4934354,850.6549001,1463.832378,982.4703932,1472.060204
K,1168.968379,904.5629203,951.334089,401.8343985,1561.901718,432.4193299,1387.2765,1723.948121,1498.347521,1710.956395
K,1063.007042,950.5512565,938.9257431,436.8147254,1483.645886,487.2711003,1311.158538,1782.112718,1442.597359,1770.679653
K,1081.92578,1042.125225,920.2217311,447.9648918,1508.360505,551.9004166,1284.876466,1901.095957,1443.595886,1854.834408
K,1214.110628,924.3682027,942.7002072,467.7483439,1559.445262,496.7364669,1290.861815,1524.175406,1386.289001,1566.921622
K,1250.53376,876.8277615,1019.827947,430.4278642,1596.433222,495.5188185,1321.767569,1498.958021,1451.034546,1538.287699
K,1249.681637,936.8796647,1020.916104,497.2316325,1625.439972,545.8445475,1310.796738,1566.612571,1459.988952,1594.452113
L,236.4512086,823.4139681,762.2154951,175.911665,981.2861085,1143.797398,1100.218058,1209.381223,1209.005833,1241.268158
L,244.0154552,1031.753421,852.0636559,329.7308087,852.1369696,1236.952782,992.2602177,1371.217489,1105.306029,1356.150627
L,201.1632323,767.4147487,720.3150392,145.4365253,942.8272843,1092.294455,1071.144342,1154.554725,1200.910211,1169.060826
L,274.0527987,768.2501078,791.0447717,159.4365239,1002.95496,1109.001994,1128.479838,1167.291403,1256.788492,1170.125723
L,179.9031496,819.8144436,725.509882,201.5541196,923.4399199,1159.108639,1066.384435,1221.405387,1201.272011,1234.523535
L,158.655405,812.8414154,706.0306072,209.0513706,900.6565213,1143.487573,1037.056088,1208.535671,1165.53247,1223.537207
L,206.4615488,1065.243959,598.1690884,386.2577677,882.3497295,1362.507224,1040.808082,1469.76459,1181.303263,1441.316962
L,384.6142292,853.3664346,917.2334671,320.3199506,1081.999779,1149.363995,1187.601089,1219.120264,1309.62503,1217.714548
L,356.4311266,1008.853316,897.1351385,263.9570236,955.5623531,1142.026901,1099.793553,1276.05772,1215.462565,1243.480921
L,260.9455585,1005.190849,829.2304277,271.0683942,860.4518771,1174.710751,1007.399678,1315.429449,1115.977883,1286.500812
L,245.31883,716.8980837,677.9718399,150.2571106,864.8062944,1127.201438,1011.352062,1234.295368,1154.046059,1199.196577
L,195.2872276,997.5968003,779.9332142,313.8928413,786.2517834,1206.617355,925.6445169,1347.181916,1032.006502,1313.970923
L,458.727926,1214.165911,1030.668542,201.2567222,1154.773384,1679.209024,1343.347579,1821.51109,1523.258835,1768.153608
L,436.6890341,1266.492009,919.9782461,393.8062489,1099.061072,1766.4285,1269.484609,1945.907176,1424.5525,1921.339631
L,418.7668115,1145.107076,1059.89337,321.977362,1092.545763,1655.860096,1255.66408,1815.218478,1426.810026,1793.775558
L,681.9140166,1130.597219,1294.619441,463.1803185,1340.170205,1340.970099,1431.844234,1462.170929,1518.005729,1547.341943
L,472.8907347,1175.808832,1072.268039,511.6634816,1197.29653,1349.573433,1302.877069,1462.657005,1398.584992,1529.676169
L,497.5457489,1105.99719,1084.686518,478.7828028,1216.013506,1335.230172,1315.600574,1440.048367,1412.504166,1492.490768
M,862.6163006,974.2105603,725.7961035,996.7826009,854.5264006,1021.395564,998.98839,1051.056504,1076.744556,1171.605945
M,1017.305851,1002.990842,631.6604614,1085.089207,747.1072674,1031.379938,898.9431262,1053.662181,927.3604751,1239.938974
M,1243.99209,1085.631132,648.4724879,1240.347624,787.8482342,1230.076551,939.9830103,1243.333697,1015.937328,1364.38632
M,1228.308201,1137.392402,680.4180145,1254.920483,818.7990785,1251.912355,946.1880326,1284.973621,1009.831548,1393.058181
M,704.0960193,944.5539117,548.2836366,918.8545942,670.4213619,946.7428327,795.8336473,989.8743033,845.4417586,1099.295974
M,950.991869,916.1123037,739.0828729,977.8798223,879.1118264,1001.571059,1019.735098,1037.993193,1084.167838,1157.363057
M,671.9350219,901.687324,592.2034979,933.6310625,727.6015878,956.8875432,869.3225384,987.6329303,932.4653745,1118.257046
M,897.0605731,940.5245185,794.4954634,1039.175034,917.2021747,1116.716146,1014.010429,1137.12883,1065.423608,1277.850986
M,1038.032651,883.7089539,627.8473139,998.575449,757.6588392,909.2462063,916.603446,916.10533,935.5592728,1151.034236
M,999.3547797,887.4152303,602.1006107,998.2121587,712.7254009,922.8451848,877.3965836,928.3040166,903.868258,1156.309128
M,797.3291874,946.8749762,623.8877773,947.6180077,755.0039291,969.9730873,892.0913339,1007.490277,952.1324635,1123.038411
M,992.7569032,953.4015656,601.3579369,1038.319588,718.1602716,981.9467664,870.3762889,1015.029311,906.5654874,1210.195899
M,1472.94116,691.8747425,558.0819845,1018.379211,745.243907,1013.16607,989.6973968,1028.36585,1189.128995,1157.461882
M,1364.18128,767.77637,515.4718161,1096.524,687.3921156,1077.193022,913.6012197,1052.310705,1113.047123,1212.636709
M,1382.581711,670.3870296,527.0947814,1050.148845,692.8762197,1040.578842,930.2723408,1021.137714,1144.474864,1168.704748
M,1107.024431,715.7296538,762.1954083,833.6031437,884.7152591,914.4223928,1015.541792,947.8098154,1077.533245,1054.364681
M,1050.025105,689.2297864,740.9245372,814.9442673,868.2054281,887.2811198,980.0610542,962.0441198,1028.146863,1073.241472
M,1065.097332,742.7535057,772.2434998,901.50702,894.5272565,974.6305943,1005.427718,1048.601508,1052.772641,1141.464949
N,560.8162284,874.5120764,511.3043785,908.9323282,645.5544829,928.2275438,763.4244561,1064.437151,922.9012728,1061.662197
N,1207.374096,767.5412893,739.4044995,989.0707135,881.0564876,946.3480711,976.3123989,1201.607108,1169.683218,1211.125493
N,520.2021599,810.0581169,531.4310789,814.0555024,667.2394872,841.7360187,796.081841,963.1718397,942.1433806,957.9842091
N,574.1280317,859.1969013,512.5755668,858.2350612,662.704587,889.7832632,818.2923794,1024.572849,980.4660678,998.9497662
N,611.0467911,879.145205,568.8400269,871.1113334,704.2510509,896.7083693,854.1525602,1020.127058,1003.823996,1027.75085
N,496.8342483,883.2395077,483.2603931,894.1919804,642.2870159,911.4413857,792.8708792,1033.694983,956.8264484,1023.562908
N,1153.086305,739.3244505,599.732995,1098.026633,716.0352468,1107.590914,804.3313026,1343.947053,982.889235,1336.587191
N,1069.260359,852.2849083,648.9169002,1048.655033,798.8603711,1007.586002,905.0347209,1254.631519,1098.0618,1267.707109
N,1026.547909,733.5209846,748.0908632,914.5781994,830.0721049,895.3765035,862.6881838,1182.640791,994.3708181,1150.892138
N,1007.582426,728.7518978,750.5694032,924.5558381,847.6622701,900.195539,872.0505238,1191.80584,1001.118183,1158.950329
N,1096.067429,761.6036534,481.5637469,1124.429584,608.899951,1129.501462,724.4236469,1362.114787,922.5681424,1361.955166
N,1061.801791,934.6711636,622.1319437,1146.439195,769.6582079,1112.182498,870.9828854,1362.267971,1064.715624,1374.141812
N,1373.847961,622.3275065,753.752172,1022.271752,938.6897087,1002.357364,979.9520969,1407.647133,1209.773183,1305.408001
N,1127.61867,586.5064263,724.5586514,825.9950876,832.1079016,845.7275629,867.9557443,1136.963725,985.3169918,1128.821135
N,1157.020092,605.5669785,803.4740686,875.6875992,899.4420767,884.9571943,927.7368188,1165.425539,1028.980494,1162.423491
N,1142.075419,616.2192225,797.2356081,858.7609529,890.4881477,870.3213334,911.0321999,1150.373936,1005.577326,1162.53829
O,401.6903639,1003.510356,511.5761161,784.6921682,522.7845907,821.6618896,492.9247499,869.1902757,494.3560362,890.6503916
O,483.2432568,986.7199063,575.316906,843.1705832,576.0974884,873.7738729,551.3396859,947.7356076,595.9790945,1016.599655
O,379.0842295,1144.542456,508.1225634,908.6047411,513.0362511,975.0094414,500.500679,1036.70001,492.3447967,1052.559853
O,353.2088995,739.0863299,414.8931503,545.7103848,381.4250231,531.2219262,330.7958245,543.5754061,412.3367667,540.9325361
O,336.148262,706.7317963,376.1311173,541.5343642,353.6643386,526.8806815,319.400847,539.2488837,425.9889722,517.2448158
O,315.8565164,717.9755569,341.1471844,571.0937381,313.8797283,549.9177575,278.5075307,562.7182722,396.4856267,523.0566263
O,524.3195295,1005.926371,541.2708521,888.0109787,541.0301685,851.7293334,528.814435,869.9601889,549.1694212,862.1477485
O,519.7762847,994.8300719,541.3503051,877.4430752,543.3956385,841.4310813,532.9610109,849.1198421,569.6687698,822.8636384
O,507.3156357,965.6930566,580.0102949,843.6438441,594.5734978,865.997076,580.711484,929.163456,595.672071,991.5210009
O,296.5687513,715.7142162,325.7327676,567.5618649,287.72825,547.7170944,263.640523,560.9160066,377.584815,550.0960946
O,502.9839277,925.58676,603.4080386,781.842649,596.6704488,816.7706728,576.2349963,884.9586844,606.959343,947.947979
O,569.7169304,1059.680939,571.7380047,815.8490658,600.7125378,824.3811131,581.8532109,900.3845453,569.7801113,927.7575016
O,563.0853176,1045.452833,555.4358959,782.3813558,562.7709627,781.1791897,553.5936952,864.6351099,580.774188,911.5672112
O,532.5706005,997.1613884,557.5149655,764.295876,562.1247888,782.5382948,552.1236658,865.5113578,580.2178383,887.7710104
O,511.7508173,747.6959825,564.3526912,610.5173826,571.9605088,585.6938958,579.8144937,599.6519327,633.2399249,571.9060898
O,512.4719143,782.3470831,599.9516845,636.7621422,622.5613356,621.2420464,630.7610869,644.2390084,674.6999025,611.7857695
O,560.4444742,774.9531865,624.8137951,627.0034909,626.0336637,610.7826233,634.6397996,652.7867913,694.7698593,632.6944232
P,1173.153162,1377.485752,1537.932396,1450.211048,1212.562084,1920.929313,495.9178865,1419.528008,439.2092228,1443.02392
P,1170.925736,1262.162566,1542.573452,1116.275907,1216.790557,1528.143167,747.6041317,1430.425286,717.6280022,1396.202326
P,1126.735806,1239.257813,1223.130465,1170.239806,1602.222204,1113.548994,979.6481133,1363.934875,1030.972719,1447.965145
P,1145.077586,1156.323671,1544.183016,1028.679132,1060.601592,1543.062687,689.5192266,1093.096972,664.31427,1121.461511
P,1188.21919,1121.847034,1291.195273,1184.040785,1018.784881,1286.380291,970.5379605,1224.532843,1114.082813,1197.483778
P,1244.948745,1016.809583,1741.3553,960.6457353,1219.349146,1498.702526,570.7892179,1224.853277,532.1022272,1249.075651
P,1213.709474,943.1931376,1606.446743,713.4072781,1147.626758,1404.794335,719.7014689,1035.150051,681.0626984,1037.673235
P,1235.158682,1018.185377,1677.726507,859.967649,1189.231992,1370.714307,718.1793451,982.2694659,777.3912549,1041.777015
Q,1096.357584,1860.138655,1423.936009,1873.975635,857.5200438,1516.098022,765.9050226,1450.747132,787.5529528,1424.202085
Q,747.4655509,1875.02861,1292.402506,1865.907192,765.7259107,1290.384054,772.8788853,1231.272936,783.2969427,1216.696739
Q,923.0573177,1721.94767,1439.740777,1686.951756,842.4656987,1180.641532,800.0696301,1149.661422,806.129992,1163.992524
Q,923.7745404,1670.797586,1439.474344,1586.704969,835.3517056,1108.164072,811.6015196,1106.034279,813.787818,1133.903265
Q,869.6878552,1617.168069,1390.537858,1558.502078,772.8455067,1084.469676,760.625422,1097.413778,760.6891394,1128.515601
Q,887.4934316,1659.690142,1403.132319,1596.77124,807.8227043,1132.695675,791.6638851,1141.741514,787.7956629,1175.777912
Q,1061.225533,1836.133718,1566.084385,1762.551308,948.1734037,1283.088207,909.6032381,1276.84629,920.3047752,1301.925778
Q,873.116374,1710.887432,1374.951601,1690.485477,833.5484862,1150.516868,839.2627239,1083.358169,861.7607355,1059.998393
Q,992.8838611,1454.63407,1346.849918,1354.730844,836.820364,1008.756161,814.6954179,968.275249,829.6967745,957.6686025
Q,981.8575382,1511.765957,1302.798033,1406.360865,826.9269466,1088.617206,811.7937446,1053.944349,808.0714345,1011.565089
Q,739.2600775,1850.136995,1268.713236,1802.638292,752.5345683,1266.11197,763.0310059,1205.683947,778.2242894,1172.595978
Q,965.4734135,1645.658135,1333.603144,1749.613047,940.1170611,1209.22029,876.6860962,1067.261815,895.4408765,1031.605124
Q,1063.166738,1692.370057,1475.170493,1802.819967,1005.63395,1257.799029,967.7273035,1124.098301,999.9200106,1103.640676
Q,828.0749321,1449.898005,1192.791462,1442.460895,940.3892756,1156.377077,835.2559209,986.9650602,863.2053137,947.3842382
R,812.7760291,1132.054806,889.1251683,420.6724763,854.429841,398.9711404,792.8414941,1398.287177,882.291913,1470.254064
R,1133.324385,1250.509143,1068.699121,647.8973627,953.2123208,596.2256193,992.7603006,1339.04016,1034.589767,1431.403756
R,826.0061741,1003.900647,854.2499542,281.051755,821.9586015,233.496964,830.9980631,1282.353282,935.9285831,1319.526196
R,1135.258317,1119.869947,1062.339544,501.7294288,979.1858792,471.98385,1008.991957,1187.782407,1033.779502,1294.803143
R,932.5076342,963.4239674,1017.007828,288.4141207,934.1808558,253.4882426,958.1519961,1208.126664,1094.525933,1274.671435
R,978.7865877,974.8654962,1057.589531,297.0520258,954.9183249,264.8608685,967.8096771,1210.421205,1105.025411,1278.144598
R,854.1905284,747.6629615,943.8416958,348.7276435,831.5678239,274.0831971,771.4169621,1069.827318,858.2764864,1143.60857
R,859.254837,725.1014113,939.0097857,315.4374361,816.8492913,248.3068109,771.3623047,1060.008049,849.4430184,1141.630173
R,789.4033194,678.725183,818.2546496,208.8010907,716.147542,279.5874178,666.4165854,1037.883759,759.3659163,1122.926235
R,714.0452862,674.6723056,778.2018781,216.3948417,700.5358338,198.5033751,633.0908537,1022.967339,739.1307354,1093.1288
R,672.3060608,624.9498129,710.242033,131.3210726,631.7827702,174.9885678,572.9191303,1023.035765,674.1647124,1083.813548
R,757.2818398,1038.469791,809.2262149,292.0710444,765.5277252,312.40803,733.946681,1314.638734,850.4732847,1365.134478
R,1232.405752,1512.815207,1390.890479,546.5990305,1247.964501,459.4354331,1224.948242,1782.303751,1403.654069,1842.25589
R,1013.927758,1480.559558,1162.106171,511.4535242,1031.910107,516.871959,994.1979498,1776.673496,1183.607429,1821.233928
R,1057.073474,1416.202486,1128.833145,417.2733426,1023.393199,447.0685124,1099.785417,1748.037487,1291.230619,1780.469716
R,1424.380243,1318.143308,1324.246526,569.3863332,1275.621057,565.0527775,1217.720434,1487.272084,1312.24677,1544.34368
R,1505.692601,1376.095712,1426.184922,675.0896573,1304.158568,590.5589461,1255.602092,1529.228389,1349.967718,1606.478244
R,1396.617889,1379.654706,1331.460327,638.1349266,1235.904098,559.7629398,1160.567626,1488.432139,1253.335327,1562.977135
S,685.8669519,1122.740388,605.4803133,1211.100101,783.1851244,1276.94881,913.0927324,1368.98458,1053.436518,1394.439459
S,1049.458861,882.3783398,864.9303913,970.7991481,970.574379,990.7479286,1086.733341,1036.621571,1217.551589,1035.717964
S,1046.50104,862.6105785,888.3346915,982.5104475,985.2870107,1012.146473,1105.99184,1078.796983,1222.237825,1060.500264
S,889.4289136,1045.212388,729.3558717,1127.784371,903.914094,1182.793379,1035.95829,1286.920547,1193.665147,1324.495077
S,947.6462007,1102.344036,780.3300619,1177.540541,935.2574348,1236.667633,1071.510792,1348.864675,1226.452708,1378.162861
S,637.2149587,851.7181277,495.5245256,849.8123288,669.4445014,910.6944203,802.5633097,1007.342339,950.1623511,1021.879911
S,685.9325767,877.9059649,536.5052223,862.3872995,706.5261006,924.5557189,838.8776779,1019.120932,984.2712283,1037.833214
S,811.1932278,916.4094925,777.7436972,1014.157653,927.7700782,1075.860143,1055.618286,1141.765594,1182.094693,1152.542114
S,733.5730195,829.6689391,595.702529,824.7328997,772.903502,876.4583468,911.0332131,966.098249,1056.67901,992.0848012
S,744.4839478,833.1615329,641.4425969,809.1158867,802.7788997,861.0079885,933.4367514,951.4914155,1081.320286,984.9193096
S,789.8094654,830.1645517,705.070734,800.732851,874.1623163,858.7135077,1012.187362,959.3791962,1166.09478,998.9241362
S,677.7801514,913.1564498,603.493154,1027.924299,790.0335789,1098.634243,923.7555861,1188.016534,1062.573195,1191.148758
S,836.7993832,680.6074381,715.9122229,769.8518634,947.5601315,824.3640065,1160.034418,965.5594826,1382.486224,1040.985227
S,794.5689559,699.5449066,668.4139967,799.4548082,892.8510547,868.131876,1107.527256,1000.214815,1332.389832,1050.227404
S,844.3038464,669.8943973,689.0093088,728.8869619,931.8577051,797.9674935,1169.754386,905.9733748,1418.968797,986.8222475
S,896.4940906,547.623992,771.8851566,751.1810064,907.4142575,805.1783442,1059.362769,866.8246269,1196.626544,875.6269217
S,944.0710545,534.2294574,788.0538106,730.2690744,925.6932735,770.0341344,1072.528124,828.8058043,1221.594691,835.2106214
S,919.105947,597.6788402,763.7982965,778.3133984,892.2065496,825.6002665,1040.453553,899.7047544,1187.514663,909.4923735
T,850.707531,695.1289773,746.2910414,680.1687479,788.3934975,1108.141184,857.9061627,1274.047375,851.0447145,1391.230702
T,754.5650601,843.11378,698.3946562,767.1189308,734.8190546,1230.146766,796.0093617,1382.13551,790.9728289,1499.330163
T,687.4285936,683.3205819,644.7748542,635.1141334,712.7551436,970.9605575,742.3517704,1082.147717,707.0205212,1193.354249
T,848.5806584,567.8021908,677.3693562,506.9589615,728.857398,1054.329276,831.495285,1230.423093,836.0123634,1366.171122
T,955.1484585,560.8285069,672.867775,542.3415303,729.8464775,1051.10693,798.5240817,1216.514111,829.2558789,1376.028299
T,736.2731695,598.0343819,690.6152964,564.2161965,718.945086,1016.899824,763.4123564,1188.793182,730.2446365,1350.614548
T,662.6346111,621.9806671,633.1619024,609.8791361,666.6389704,1016.766906,702.2141218,1198.688507,657.8589678,1351.02725
T,717.5679207,646.7518806,673.0691791,654.502213,711.7313147,1070.322514,760.384798,1230.894685,704.8323154,1374.64571
T,630.9731007,665.5708551,606.2573195,636.2322569,645.7990408,1076.716423,688.5641813,1244.798303,645.0970173,1416.997194
T,772.7934122,637.3096704,674.3518114,640.3052807,736.151576,1052.742362,784.3056917,1228.545427,735.6972098,1388.732076
T,741.8358326,775.0876546,655.9445858,717.9240584,688.5906458,1205.742478,763.2354498,1366.449714,758.566916,1488.913298
T,903.5977721,391.2930787,733.7009907,639.5932436,694.0906644,1021.193147,687.1344447,1215.436697,693.4038401,1479.281664
T,797.3176837,626.2075901,743.4639335,584.8947167,802.7053475,1027.532339,888.5534406,1235.175729,838.7509584,1421.421289
T,798.7241149,615.6455278,682.3166013,564.381361,756.8343282,1008.99601,858.5041165,1227.016807,844.055593,1435.059071
T,814.6141768,547.0560789,670.8855033,499.6275902,784.4333649,1031.829715,872.8022575,1161.24332,876.5047789,1318.86363
T,818.8183308,526.1055231,668.9491868,483.910501,755.4552555,999.5325804,844.9426889,1140.482426,849.5198488,1287.876368
T,741.5697575,550.6461859,635.9422207,452.8547227,711.9959593,987.0878458,798.4293699,1112.445116,778.2931924,1249.346733
U,960.7973695,1051.984549,860.5793715,346.1419344,1029.56748,301.3512492,1028.850913,1342.570662,1152.568102,1357.063413
U,794.8402762,1121.541739,645.6727982,484.2120409,799.3858457,421.2738276,842.3194885,1375.774741,965.0974274,1407.743454
U,991.2344217,1119.651794,809.1444969,516.6845322,923.2496619,466.3299322,906.7949057,1211.897135,1020.550847,1224.10655
U,986.3154888,1140.989065,845.4432487,505.2806735,960.4195356,443.1236982,910.762012,1213.40251,1014.363885,1209.27
U,906.7824483,1034.025073,835.4748487,326.3120651,990.1143909,268.481195,913.5107994,1318.214297,1061.350346,1300.337553
U,907.9265594,1070.738077,809.7757101,360.247016,966.8145776,307.3604703,890.0229931,1356.378555,1042.543173,1325.202584
U,912.5574231,903.5392404,739.2078638,199.3418932,888.2806897,163.1090045,869.2778349,1311.331749,956.8986893,1330.283165
U,927.2857904,959.3290091,755.8898926,249.7651577,912.7315283,207.0128918,876.3659,1349.182606,963.6722207,1390.335083
U,899.8020291,920.2246666,709.4598413,181.1042428,869.9564338,153.5087824,825.8429766,1332.815289,932.4688911,1345.14451
U,915.6094193,944.011867,724.7261405,191.8064356,877.9504895,177.8866649,842.6318169,1379.357219,946.5222359,1394.762993
U,677.5884628,935.5199337,503.4668446,169.6697474,656.8285823,136.7878914,648.860991,1361.076951,727.7101278,1390.625715
U,879.0727854,1060.843945,735.4063392,367.836535,915.9699082,311.7303252,930.0730824,1321.095467,1048.777819,1349.758863
U,916.3043499,1085.520744,898.5549808,219.4173336,1086.590767,148.7714648,1018.66293,1344.655514,1221.622705,1272.153258
U,908.0153108,1146.600127,849.6377468,255.0519705,1048.23792,179.3160439,960.3057504,1370.012522,1174.940228,1299.07012
U,1147.246361,1073.670268,956.0824037,332.0062757,1095.49284,245.1301217,1056.853175,1163.248658,1162.18257,1223.915935
U,1117.244363,1115.660548,933.8957071,323.9626884,1065.02533,225.6221175,1014.397383,1197.175026,1110.025883,1238.734841
U,1191.61129,1121.314764,988.779366,338.3402824,1145.104408,231.656909,1071.903348,1207.560301,1186.442256,1257.175088
V,965.544343,1120.998383,641.0335302,219.841063,1158.654451,244.923234,859.9041104,1442.517638,980.3010225,1436.763644
V,1092.790961,1179.827094,707.1156502,349.2395282,1259.130478,374.1396666,1015.431881,1470.809937,1116.130233,1482.17082
V,1078.413486,1037.589431,709.1735601,416.059196,1069.798827,346.9474912,966.9888616,1146.534801,1065.282941,1147.192001
V,1093.205571,1015.994787,722.6577997,434.4756007,1087.762117,347.8904963,974.4682908,1146.816969,1061.626792,1139.203072
V,1096.135736,1155.504823,700.9724379,246.3344932,1206.848621,284.6668959,1018.951058,1335.823655,1161.774278,1346.868873
V,1062.144876,1160.387278,660.1806879,249.1896749,1200.362682,294.9110866,970.5612659,1338.93609,1119.439125,1337.349176
V,987.1703982,1055.063248,637.0279789,221.7131853,1183.842421,359.6670032,810.2024794,1375.871181,884.2519522,1459.48267
V,947.2715855,1013.337493,588.1894827,167.4337387,1142.280698,296.0256338,785.3067517,1327.672482,854.4629812,1409.350634
V,940.7572746,961.2164497,550.3355265,120.4844117,1109.570622,235.16047,772.7001309,1275.036812,850.8530259,1344.620466
V,947.4356174,1053.101063,567.607224,184.1471791,1118.832588,320.7826614,761.3832355,1345.730066,822.032392,1439.253092
V,959.8417282,1059.069991,581.6603303,182.8587651,1149.596572,333.1547976,778.018415,1359.590173,838.3862376,1451.475263
V,922.2573042,1195.410252,578.8282156,329.7131658,1094.519496,376.6067028,820.4107881,1482.806444,924.46208,1502.682924
V,1377.22224,1351.882964,1087.561399,343.7629342,1550.252587,352.4781764,1285.891682,1629.555672,1422.688663,1740.727127
V,1346.065104,1329.660714,1059.169769,328.9274126,1530.397534,342.5492346,1262.419671,1634.97135,1400.016248,1765.145361
V,1324.645579,1280.136555,1031.500623,322.766304,1512.534767,313.5851771,1236.111522,1573.713124,1386.720091,1682.064682
V,1398.476511,1417.745054,941.946879,480.5352539,1542.792916,415.1329398,1212.29507,1601.859629,1352.600604,1641.150266
V,1496.933699,1531.066298,1062.10731,509.4475299,1644.901335,464.1921818,1346.050352,1623.744667,1449.307203,1706.395
V,1482.031494,1513.581872,1006.576046,443.0188984,1678.171307,349.9206156,1295.296103,1630.874872,1386.733651,1702.194512
W,1001.220584,1237.257123,380.4184198,406.0475826,774.8820186,307.918191,1200.216532,507.7886581,956.6123486,1430.921316
W,1105.349541,1083.31418,496.0018098,363.8546467,881.727159,229.1012406,1312.474608,374.9909401,1107.029796,1233.044505
W,1189.282537,1057.468176,712.2610807,452.2660971,1063.786745,371.9366193,1369.701266,500.8357763,1029.745817,1226.840854
W,1190.921068,1046.451807,742.6723242,440.5238628,1063.76791,366.5664792,1345.218897,479.629159,1033.718109,1209.424019
W,1038.423181,1176.716924,486.0243201,432.6452613,801.7471433,339.7994637,1186.490655,478.2676101,1046.7031,1414.429784
W,1013.65149,1273.129463,569.6024895,497.7715611,878.6666393,382.9973936,1209.458828,602.912128,1022.995114,1532.945871
W,998.6437559,924.2408872,234.1326475,94.92331743,612.5810146,53.78651619,1093.342185,227.6434302,806.2297106,1253.764391
W,1085.261822,1065.734029,311.2124205,183.1524968,736.5947366,126.3733506,1196.067333,290.879488,946.3031292,1353.196383
W,957.6047659,1098.836422,186.7401302,207.4763179,626.8203855,152.2259116,1051.241875,327.4145722,825.2906203,1380.763292
W,1035.586596,1094.833255,282.4267149,213.2785916,711.186111,157.6811075,1143.521905,320.7081556,900.5361795,1391.372204
W,1011.220336,1042.199254,260.2907717,130.0001144,717.2327042,83.67830515,1106.943607,283.9352489,866.3814068,1343.411565
W,926.7416596,1129.405618,313.5783076,353.489399,742.0874834,229.3699384,1174.497128,406.7205191,933.2212806,1308.913231
W,1580.083221,1551.494449,645.6197798,564.6148324,1183.892787,373.2739389,1686.112136,578.4510076,1492.83424,1839.94323
W,1471.861452,1543.565094,676.6334921,621.1338937,1180.418953,378.9257258,1654.346287,661.3605469,1482.098997,1825.880855
W,1499.268562,1535.323262,729.6621799,607.8052521,1205.327138,326.0994703,1702.529788,620.5859035,1476.957202,1856.161356
W,1641.572863,1278.606206,1016.02219,557.4558675,1348.311752,484.2321575,1833.950728,654.887259,1489.31101,1507.814378
W,1585.649401,1267.370135,955.7589889,525.1194537,1319.717616,470.4710096,1761.55597,632.7937543,1432.813257,1503.216475
W,1542.986929,1249.408573,915.0827676,506.5251887,1269.193888,437.3177886,1780.257523,630.4697692,1397.99878,1469.767839
X,1300.006747,1282.02796,1306.893945,789.4064188,1230.453968,1233.011246,1098.861456,1229.494095,1156.84092,1211.445928
X,1176.248074,1031.853676,1177.391291,546.5502739,1103.459001,973.9415646,990.1509285,985.4687452,1048.549414,935.557127
X,1249.588132,1108.155131,1263.119221,690.3322935,1127.213001,1070.30642,1066.113949,1072.188973,1112.277865,1076.650262
X,1243.41023,1098.067403,1245.711923,652.7327299,1111.100793,1051.376224,1056.278706,1045.525789,1093.533516,1058.486104
X,882.5659752,1043.692589,907.2656631,649.2971778,633.1052184,1091.952205,601.1475921,1156.869173,711.5328312,1255.486965
X,1092.176557,827.76016,1060.683727,440.8307672,923.3620167,793.1365371,892.9753304,919.6389914,953.9544582,952.3304105
X,1012.487173,946.0805655,942.789197,374.7557104,989.4593954,880.5070519,850.1009941,918.3099866,895.9113955,955.9959173
X,1087.558508,1037.254333,1001.26636,568.5091615,1019.667745,968.6704278,898.1989622,996.2028861,961.8317485,1030.615568
X,1068.091273,1017.098904,970.2447653,516.5407658,1030.512214,953.7676573,992.8585291,986.303091,1044.072151,1012.814522
X,1100.815058,1090.618849,1048.283339,578.8727999,1044.692993,1000.227213,904.2894244,1033.676147,953.8175464,1064.16285
X,1086.699247,1082.149863,1022.298336,539.0915871,1043.367147,990.3224707,885.4331374,1020.919442,931.8169355,1074.861884
X,1212.754011,1250.551581,1218.941092,731.7996621,1166.155219,1193.632483,1040.320873,1201.389194,1084.079862,1184.591651
X,1259.889126,1029.135346,1138.564944,587.5657201,1001.977921,980.1521301,1016.80553,1020.78259,1098.573804,1066.54191
X,1260.416985,1079.43213,1170.336485,530.7943225,1053.106785,1096.545458,1035.121202,1172.708511,1140.163898,1208.284378
X,1275.489211,1008.530617,1106.592536,491.9980764,1036.848664,1015.47873,1046.677589,1113.184452,1177.14107,1166.662216
X,1247.793436,1141.666174,1266.569853,580.8057785,1212.039232,1106.804371,1074.231267,1154.023051,1121.305346,1112.72645
X,1317.831993,1158.07128,1198.249817,622.3064661,1202.638149,1064.319372,1119.273067,1197.134614,1195.06979,1167.671204
Y,300.5657792,690.5813813,867.1376109,1153.496861,987.5666499,1252.092123,1129.66311,1298.977137,1505.99885,544.9663997
Y,326.5846372,562.5941753,858.3248258,961.7447257,985.1506352,1051.203728,1128.697634,1098.291636,1495.641351,347.3528326
Y,643.4773207,596.7293978,930.3455353,1131.704807,1025.692225,1210.161448,1114.562988,1248.246551,1542.368531,620.2248335
Y,615.7069206,580.257833,947.0416307,1107.501984,1040.664196,1182.537556,1129.19867,1231.049895,1564.534783,605.4831743
Y,240.3597832,364.5078838,640.5326128,907.720983,754.4726729,1024.368525,835.4994655,1135.653019,1381.400585,574.0727782
Y,265.8339739,407.6300263,689.8025274,965.0650024,795.5753803,1093.71829,888.4348273,1193.736434,1432.637691,652.9321671
Y,205.3025961,608.7280512,628.4549236,1130.534768,747.4530339,1230.105281,874.5437264,1309.817553,1389.391184,732.6952815
Y,114.0546203,529.1024446,514.1970515,1113.649487,642.8551674,1184.508085,788.7063026,1251.784086,1340.006113,642.2250271
Y,102.4733782,539.8589373,510.4475617,1069.323778,634.7141266,1169.805527,761.6361976,1243.916988,1296.155691,683.5805774
Y,63.1146431,487.4283075,492.2724962,1011.325717,612.7403378,1110.4424,739.3710613,1190.45949,1259.79495,617.587626
Y,173.1136441,489.3806577,604.9468517,1024.149895,733.5143089,1119.499445,865.6635284,1200.100899,1406.715393,629.9397945
Y,272.8571296,786.8599892,863.1719947,1221.662998,980.6601405,1304.079533,1120.752454,1333.118558,1431.566834,590.1060104
Y,301.1902571,530.8076143,847.8311896,1161.129117,1005.528569,1287.562847,1138.945699,1308.915496,1543.761969,400.8197188
Y,425.8722067,480.6306362,933.3290458,1151.393414,1023.140311,1242.007136,1135.148525,1297.118545,1566.482663,594.1677094
Y,481.2027812,507.6361895,951.544404,1180.001497,1025.077224,1269.706726,1123.281479,1329.858303,1563.459635,638.5780573
Y,450.8699179,536.2266302,983.8649035,1160.738945,1068.923235,1266.545057,1175.197363,1314.488411,1564.266324,566.3632154
Z,1291.035891,1368.161678,1602.918506,801.2964129,1020.550966,1266.687989,1081.199884,1324.051857,1178.829193,1284.862161
Z,1168.919325,1198.891163,1465.247512,549.6665239,891.1718726,1109.467745,968.7613249,1155.738354,1110.414743,1042.479992
Z,1188.924551,1234.257221,1390.707731,650.6720781,967.5281048,1159.38282,991.6347265,1203.233719,1090.914845,1191.056728
Z,1152.357697,1240.10253,1371.306777,597.7984667,962.7777934,1127.986312,973.7730026,1172.007084,1084.124684,1079.048038
Z,1295.821905,963.6621475,1535.407543,534.6339941,1027.078032,1139.357805,1060.332298,1129.272938,1085.283875,1112.342358
Z,1009.444952,985.0224257,1276.391745,563.0092025,760.4340911,1158.542037,785.7832909,1162.721872,810.3651404,1174.03996
Z,1102.609873,1262.196898,1264.151573,733.835578,752.4973154,1163.870811,846.2011218,1222.747684,952.3390532,1219.953895
Z,1072.591543,1207.658887,1239.856839,691.3359165,734.0622544,1108.969212,814.3443465,1177.427173,942.0990944,1188.460588
Z,1036.803007,1171.669722,1215.876937,622.4066019,659.3435407,1065.600991,758.1717968,1125.97084,882.1992278,1142.10701
Z,1061.475992,1231.348157,1255.223989,700.4996538,692.014575,1135.133147,796.001792,1185.6004,912.411809,1202.755928
Z,1022.6717,1218.324423,1244.31324,692.8441525,668.3650613,1167.528987,743.0339456,1221.251011,841.0152197,1255.002022
Z,1287.737846,1356.665373,1619.728088,742.1012521,1020.785689,1240.335226,1085.255384,1300.717831,1214.745283,1234.742165
Z,1308.447123,1240.651608,1574.965239,624.2830753,933.472991,1218.992352,949.7429729,1349.195838,979.2660475,1349.063754
Z,1304.813266,1259.712219,1421.506643,754.6979189,1489.990473,523.3515501,966.8375254,1350.15595,1002.232671,1393.130898
Z,1236.464024,1379.68874,1425.746202,898.2681036,1376.559019,735.5790734,918.4595346,1391.242146,952.1093369,1422.63484
Z,1248.085022,1299.171209,1646.481633,505.7343841,1027.334213,1184.112549,1014.777422,1235.854506,1179.75831,1026.426077
Z,1151.56424,1394.688845,1507.343769,483.01211,833.1694603,1210.441113,883.9257956,1268.719673,957.1190476,1217.445493
Z,1254.379392,1354.774475,1481.365204,463.5989368,983.1598401,1032.147408,951.6230226,1237.330556,1035.831928,1139.046788
