class,thumb_fingerX,thumb_fingerY,index_fingerX,index_fingerY,middle_fingerX,middle_fingerY,ring_fingerX,ring_fingerY,pinky_fingerX,pinky_fingerY
A,701.4201283454895,318.91947984695435,915.0177240371704,875.9870529174805,1033.827781677246,1007.4220895767212,1137.799859046936,1162.5276803970337,1299.9756336212158,1230.8123111724854
A,738.0095720291138,546.6952323913574,896.4388370513916,982.4846982955933,1015.0123834609985,1089.5462036132812,1108.6727380752563,1195.127248764038,1244.1270351409912,1195.2545642852783
A,649.5407819747925,382.20012187957764,865.426778793335,934.989333152771,987.5882863998413,1071.1019039154053,1085.78360080719,1227.9776334762573,1242.133617401123,1304.1338920593262
A,684.5872402191162,395.7318365573883,797.8399991989136,821.5994834899902,967.0014977455139,907.1899652481079,1098.7658500671387,1031.728744506836,1269.2320346832275,1040.4646396636963
A,678.8971424102783,390.3436064720154,773.6043930053711,815.7421946525574,949.358344078064,898.1475830078125,1081.4175605773926,1023.6527919769287,1254.388928413391,1041.03422164917
A,723.784327507019,406.5406918525696,830.6424617767334,851.1986136436462,999.6944665908813,928.1367659568787,1135.414958000183,1054.213047027588,1308.2077503204346,1072.2917318344116
A,697.3612904548645,396.4795768260956,787.5515222549438,844.7391986846924,959.3744277954102,923.4304428100586,1093.7567949295044,1050.9744882583618,1269.919753074646,1065.5980110168457
A,689.780592918396,346.9502329826355,786.6299152374268,784.6286296844482,953.5089135169983,865.6184077262878,1081.4164876937866,989.6437525749207,1254.8887729644775,1009.0398788452148
A,738.86638879776,517.5557136535645,878.1713247299194,943.016767501831,996.5803623199463,1045.7699298858643,1093.4454202651978,1143.6617374420166,1233.6913347244263,1140.2435302734375
A,534.4291925430298,700.4448175430298,682.0126175880432,1173.006296157837,801.4762997627258,1268.988847732544,889.5331621170044,1373.4211921691895,1023.827075958252,1379.3914318084717
A,834.2982530593872,585.985541343689,998.6054301261902,869.0080046653748,1106.480360031128,960.6792330741882,1220.2463150024414,1027.2009372711182,1353.239893913269,1060.6056451797485
A,842.7245616912842,600.9043455123901,1020.9978818893433,870.6443309783936,1125.8147954940796,966.7243957519531,1238.3160591125488,1031.1079025268555,1366.0736083984375,1067.8465366363525
A,628.4477710723877,432.16267228126526,812.1064901351929,897.5335359573364,989.263653755188,931.757926940918,1135.244607925415,1048.3801364898682,1286.321520805359,1112.7878427505493
A,507.9047679901123,323.9273428916931,796.4259386062622,810.0350499153137,983.2954406738281,831.4623236656189,1166.9375896453857,966.9190645217896,1351.3747453689575,1031.3035249710083
A,545.3752875328064,379.58115339279175,781.7598581314087,906.6998958587646,976.0933518409729,954.32448387146,1153.9578437805176,1080.4919004440308,1323.5913515090942,1146.1572647094727
A,421.74991965293884,343.7475562095642,728.1169891357422,746.8292117118835,900.2834558486938,852.087140083313,1072.6630687713623,936.482310295105,1248.7285137176514,953.1055688858032
A,508.0803632736206,359.1749370098114,755.0513744354248,730.8632135391235,923.7513542175293,839.3315076828003,1083.104968070984,932.2499632835388,1250.370979309082,956.4138650894165
A,515.1695609092712,393.53182911872864,796.3588833808899,781.807005405426,948.5947489738464,879.1635036468506,1105.621337890625,944.9136257171631,1248.488426208496,985.1703643798828
B,1140.6157910823822,1281.8239629268646,1205.3340673446655,269.9332684278488,1412.1460914611816,176.29027366638184,1604.8848628997803,343.6274081468582,1751.6148090362549,720.7982242107391
B,1222.9563295841217,1239.8816645145416,1135.2355033159256,501.1822283267975,1286.8162989616394,444.4703459739685,1426.311433315277,548.0224266648293,1575.6520628929138,788.0355417728424
B,1173.732802271843,1276.6052782535553,1085.7520997524261,569.462850689888,1242.7293509244919,520.3874409198761,1370.8655536174774,611.6992980241776,1499.8210966587067,841.3611352443695
B,1177.00956761837,1211.8341028690338,1112.1795326471329,515.4816806316376,1264.7850811481476,462.0572179555893,1396.6506719589233,552.7020618319511,1539.4176542758942,795.6624031066895
B,1224.0511178970337,1315.43830037117,1183.3812296390533,584.498718380928,1333.9094817638397,537.385493516922,1460.0278437137604,644.5664167404175,1595.383882522583,892.0936286449432
B,1303.8462400436401,1480.567306280136,1123.4603822231293,819.1314339637756,1286.034733057022,759.4089210033417,1423.9208400249481,840.7260477542877,1565.0764107704163,1080.3906619548798
B,1236.0646575689316,1418.7772572040558,1073.2852667570114,759.3727111816406,1231.4261496067047,693.911537528038,1388.1999254226685,787.4514162540436,1515.7769620418549,1012.7206146717072
B,994.8318004608154,1141.6420936584473,817.7599310874939,487.5645637512207,958.1984877586365,395.081102848053,1078.8198709487915,466.910719871521,1180.567979812622,661.690890789032
B,998.1327056884766,1113.724708557129,820.1308846473694,453.91762256622314,969.3848490715027,359.20143127441406,1087.913155555725,431.922972202301,1190.8698081970215,631.8845748901367
B,867.268443107605,1252.081274986267,679.5721054077148,587.5145196914673,837.5065326690674,523.3554244041443,972.8267192840576,623.7860321998596,1110.8086109161377,842.4226641654968
B,1088.8070613145828,1308.334469795227,1234.6704304218292,318.58377158641815,1408.9788496494293,228.63589227199554,1612.4343872070312,416.31124913692474,1745.0782656669617,782.2626084089279
B,1238.853856921196,1203.9802223443985,1144.2047357559204,480.6816577911377,1297.7764010429382,419.70357298851013,1427.9268682003021,527.3537710309029,1583.8001668453217,756.9683343172073
B,1418.415606021881,1367.1308755874634,1066.9706016778946,516.0624533891678,1217.4856662750244,406.96725249290466,1345.5533981323242,470.3482985496521,1526.4736115932465,753.5835355520248
B,1433.3109557628632,1313.803642988205,1111.4343255758286,467.64880418777466,1251.792311668396,368.2965785264969,1403.6929607391357,445.7179456949234,1560.7938170433044,729.963481426239
B,1290.1876866817474,1273.7059593200684,971.8631953001022,440.86962938308716,1138.7647688388824,333.7865322828293,1302.7380406856537,417.88041591644287,1445.118933916092,711.5322351455688
B,1155.185028910637,1339.1916453838348,1146.8321084976196,384.85608994960785,1334.301233291626,270.23598551750183,1536.855697631836,432.0569336414337,1681.4421117305756,726.0389626026154
B,1057.0590943098068,1402.3634791374207,1057.882308959961,409.92632508277893,1250.8295476436615,327.6587277650833,1459.5939218997955,502.27344036102295,1582.689881324768,807.3145896196365
B,1122.0592260360718,1448.5262334346771,1154.7568440437317,468.52000057697296,1354.7101616859436,380.0966590642929,1549.8027205467224,561.4221096038818,1671.2003946304321,865.9979701042175
C,419.6471571922302,982.9497933387756,219.49106454849243,396.5693712234497,186.59746646881104,411.6617441177368,230.78739643096924,467.50137209892273,436.31404638290405,558.6134791374207
C,514.958918094635,944.1279172897339,648.5841870307922,419.06654834747314,633.5397958755493,415.294885635376,719.940185546875,490.57668447494507,917.2410368919373,615.0127649307251
C,465.18540382385254,1020.2767848968506,536.0742211341858,480.2384376525879,525.1765251159668,507.7402591705322,607.3135733604431,583.5995078086853,812.9763603210449,676.2396693229675
C,466.070294380188,1045.8014011383057,545.7946062088013,513.5509371757507,534.9865555763245,519.5046663284302,608.9805960655212,595.0068235397339,826.3905048370361,697.1068978309631
C,410.2765917778015,987.8817200660706,449.4866728782654,459.6676230430603,427.7735948562622,458.2049548625946,488.4471297264099,516.0781741142273,707.2896957397461,607.529878616333
C,556.8537712097168,1033.4681272506714,585.4637026786804,595.0185060501099,528.1433463096619,568.8376426696777,524.2836475372314,609.3457937240601,659.2905521392822,684.1739416122437
C,526.2337923049927,983.086884021759,553.2484650611877,565.2183294296265,496.8746304512024,539.9721264839172,489.30323123931885,583.6019515991211,629.6919584274292,655.3659439086914
C,626.7730593681335,1067.5461292266846,654.7584533691406,574.4920372962952,606.7249178886414,553.8001656532288,596.1755514144897,550.7059097290039,671.2902784347534,599.1004705429077
C,352.3479104042053,1075.3074884414673,538.0373001098633,540.6993627548218,504.93115186691284,522.8486657142639,544.7274446487427,599.3334650993347,680.551290512085,754.1491389274597
C,392.04704761505127,1016.6161060333252,587.6368284225464,509.84466075897217,546.5978980064392,496.96099758148193,579.531192779541,580.5884599685669,698.8880634307861,739.5317554473877
C,513.9443278312683,1030.0050973892212,646.1287140846252,466.6455090045929,623.3967542648315,464.0698730945587,691.1852955818176,534.0694785118103,882.4235200881958,668.5677766799927
C,568.5960650444031,789.6655201911926,544.9572205543518,323.6008882522583,509.15223360061646,321.8424618244171,540.9266352653503,373.41126799583435,654.228925704956,473.2183814048767
C,419.7773337364197,796.6706156730652,391.3721442222595,550.1086115837097,417.26154088974,514.7479176521301,494.0018355846405,563.9153122901917,566.1134719848633,619.2429065704346
C,517.3460245132446,898.5098600387573,559.8824620246887,435.29772758483887,551.7993569374084,406.57174587249756,582.170844078064,458.9642882347107,684.6656799316406,533.0800414085388
C,500.0731348991394,942.5779581069946,539.5439267158508,397.8740870952606,466.6546583175659,360.3319227695465,473.6841320991516,365.69273471832275,622.7927207946777,446.23786211013794
C,517.203688621521,914.7273302078247,620.7587122917175,353.15191745758057,565.8634901046753,305.9144914150238,584.8559737205505,331.65255188941956,701.823353767395,435.5190396308899
C,480.5128574371338,918.7556505203247,562.4662041664124,338.4338319301605,495.1897859573364,291.746586561203,498.8716244697571,321.55337929725647,620.0053095817566,453.90841364860535
D,953.6439925432205,1167.760118842125,1112.2991144657135,348.840206861496,1012.8496587276459,1235.4401499032974,1053.5095632076263,1394.98770236969,1074.9971121549606,1529.3563902378082
D,834.4559371471405,1180.5317550897598,1195.4937875270844,415.6585782766342,1016.0142183303833,1188.6291205883026,1030.4702818393707,1255.2425265312195,1007.9216957092285,1291.8782234191895
D,880.376398563385,1313.4397566318512,1227.702647447586,588.2337689399719,1096.7626422643661,1313.3199512958527,1132.6263844966888,1397.0883190631866,1137.6062035560608,1470.2530205249786
D,841.8455719947815,1296.7060506343842,1169.297695159912,553.3044040203094,1033.8462144136429,1287.447065114975,1066.9009387493134,1385.0677013397217,1073.4973102807999,1462.9307389259338
D,792.839378118515,1269.5269286632538,1210.6435745954514,518.2348191738129,974.9650955200195,1254.6168267726898,985.9524667263031,1329.026222229004,955.7656198740005,1417.0041680335999
D,814.9486035108566,1276.7095863819122,1211.2079560756683,539.5236611366272,1003.4879297018051,1276.228129863739,1023.7741470336914,1359.4910502433777,1013.496145606041,1442.6496624946594
D,696.6982036828995,1461.2109959125519,1149.9722301959991,698.377788066864,634.9009275436401,1458.3462476730347,735.2486252784729,1690.6975209712982,820.7334578037262,1759.9526047706604
D,666.8541431427002,1037.6269817352295,958.4815502166748,420.26346921920776,652.2794961929321,992.4108982086182,594.8705673217773,1074.5527744293213,605.2170991897583,1067.8600072860718
D,569.9259638786316,1032.6085090637207,802.9446601867676,408.37031602859497,323.3105540275574,1131.392240524292,373.62948060035706,1353.8665771484375,450.4968225955963,1412.7193689346313
D,748.6888766288757,1312.3340904712677,1160.0688844919205,607.561357319355,647.4617123603821,1410.469114780426,738.2018864154816,1627.7506947517395,818.1117475032806,1683.746725320816
D,937.1846914291382,1156.4413458108902,1038.5798662900925,326.1694312095642,971.1261838674545,1198.040395975113,997.9298710823059,1353.1719148159027,1019.7842866182327,1458.7503671646118
D,973.3814746141434,1221.742033958435,1218.322291970253,464.2903059720993,1090.7285660505295,1343.9145684242249,1106.5810918807983,1450.009047985077,1093.7506705522537,1527.6464819908142
D,959.5251828432083,1082.6119035482407,1250.9725987911224,292.292982339859,1131.3631385564804,1263.0608677864075,1161.3325774669647,1457.7308297157288,1150.236427783966,1610.596776008606
D,1026.8867015838623,1070.672795176506,1278.9203226566315,350.7188707590103,1160.675436258316,1266.3863599300385,1201.7492949962616,1469.7231352329254,1183.546707034111,1619.1469132900238
D,737.8467917442322,1183.556243777275,1096.7256128787994,408.16009044647217,794.2506670951843,1110.9256744384766,824.8228579759598,1226.0980904102325,872.66705930233,1183.8822811841965
D,777.277797460556,1145.4425752162933,1251.513957977295,431.0646653175354,788.2215082645416,1119.4700002670288,788.2113009691238,1275.9371101856232,808.1570267677307,1293.8934564590454
E,759.9896192550659,1017.3251628875732,922.9563474655151,569.0801739692688,1110.5680465698242,689.9467706680298,1275.2176523208618,783.1006050109863,1448.071002960205,818.6894655227661
E,772.3896503448486,1093.5138463974,928.0194044113159,646.638810634613,1105.5821180343628,770.8159685134888,1276.0589122772217,851.4622449874878,1451.4905214309692,913.1330251693726
E,722.2983837127686,962.2694253921509,791.740894317627,755.6010484695435,936.3600015640259,847.1171855926514,1075.7215023040771,890.7503485679626,1217.3138856887817,894.5612907409668
E,763.0676031112671,883.1544518470764,796.3442802429199,700.9162306785583,938.8239979743958,788.3901000022888,1079.2877674102783,840.3032422065735,1226.8702983856201,840.1686549186707
E,781.934380531311,954.3191194534302,824.7210383415222,784.4786643981934,971.4350700378418,852.4550795555115,1107.3901653289795,904.0700197219849,1255.0824880599976,902.0353555679321
E,737.7943992614746,920.9197163581848,778.3643007278442,786.9718670845032,925.5837798118591,834.2031240463257,1067.5002336502075,884.735107421875,1220.578670501709,882.5640678405762
E,682.0958256721497,905.8870077133179,760.2108120918274,771.2644934654236,897.2234129905701,860.8747124671936,1044.324278831482,906.7357778549194,1200.4239559173584,915.4781699180603
E,894.8924541473389,1144.207239151001,705.0652503967285,851.9489765167236,856.0519814491272,780.1177501678467,1004.1549205780029,870.1493144035339,1120.1293468475342,916.344404220581
E,883.8672637939453,1058.8704347610474,678.1400442123413,770.3017592430115,847.5766181945801,693.5153007507324,993.7175512313843,784.034788608551,1116.8488264083862,829.9188613891602
E,844.2294597625732,1108.9210510253906,669.5636510848999,816.5127038955688,822.2154378890991,751.6815662384033,976.1824607849121,838.7408256530762,1099.1582870483398,877.8891563415527
E,929.9641251564026,1015.5587196350098,759.3085765838623,784.2028141021729,927.745521068573,699.5132565498352,1074.4861364364624,805.8902025222778,1198.3654499053955,838.0269408226013
E,910.3584885597229,1059.7448348999023,734.5374822616577,798.0149984359741,895.8204388618469,710.7916474342346,1044.757604598999,818.8269138336182,1158.2962274551392,872.3834156990051
E,692.0225620269775,889.0876770019531,741.1742210388184,500.55545568466187,935.2471232414246,513.5555267333984,1132.5727701187134,650.9103775024414,1328.853964805603,701.4995217323303
E,828.1289935112,1122.511386871338,824.1679668426514,544.876217842102,1038.2009744644165,547.1915602684021,1215.4357433319092,683.2906007766724,1420.8564758300781,717.1407341957092
E,812.5607371330261,935.4757070541382,773.6417055130005,644.2370414733887,962.7360105514526,648.9302515983582,1121.7995882034302,685.0147843360901,1293.878197669983,754.8903822898865
E,773.361086845398,947.5046396255493,707.5563073158264,624.1850852966309,902.7647972106934,621.6655373573303,1080.0641775131226,693.7005519866943,1241.1432266235352,768.8575983047485
E,846.142053604126,943.8439011573792,764.9391293525696,675.4521727561951,973.9593863487244,678.7673830986023,1147.4206447601318,745.7345128059387,1289.211630821228,792.2294735908508
F,849.7437089681625,1296.643316745758,923.8538146018982,1218.8997119665146,1210.9235674142838,264.4749730825424,1470.797210931778,419.6763038635254,1633.8901221752167,736.6539537906647
F,792.5398647785187,1137.6914381980896,931.2351047992706,1123.0186372995377,1362.7409934997559,372.7611154317856,1517.7404880523682,478.5531014204025,1620.2490031719208,796.7711240053177
F,806.9255948066711,1152.2549390792847,950.1614421606064,1114.8551851511002,1347.7340340614319,382.15242326259613,1499.0898966789246,486.1387610435486,1617.0814633369446,788.9510691165924
F,747.845247387886,1043.2472825050354,876.0340511798859,997.3374754190445,1275.3970921039581,268.1978791952133,1419.2619919776917,378.2462328672409,1544.8221564292908,686.526894569397
F,692.1028345823288,1014.8590058088303,831.4695954322815,973.3860194683075,1203.4373730421066,250.08127093315125,1372.5502789020538,366.6238486766815,1499.536633491516,659.1586023569107
F,757.8495144844055,1270.5236673355103,840.5565470457077,1185.7064813375473,1150.0069499015808,272.6813405752182,1405.7765901088715,428.65321040153503,1546.56782746315,732.1549206972122
F,911.9708836078644,1425.4012703895569,985.0214421749115,1311.914473772049,1125.6974190473557,617.6220625638962,1312.6051425933838,670.3152507543564,1506.0855448246002,904.2029082775116
F,757.2195529937744,1007.3482990264893,723.2149839401245,1014.9375200271606,849.0720987319946,217.34076738357544,989.3916845321655,302.2323250770569,1109.0188026428223,499.4053244590759
F,772.628903388977,1014.4790410995483,742.7991628646851,990.2023673057556,891.9634819030762,220.8581566810608,1034.0089797973633,303.40051651000977,1150.1514911651611,505.6677460670471
F,519.3629264831543,1150.5025625228882,555.0490021705627,1017.2749757766724,685.1929426193237,373.79395961761475,856.1813831329346,428.34848165512085,1046.1896657943726,649.7082114219666
F,872.3652362823486,1423.2251048088074,940.1517361402512,1306.2970340251923,1083.010733127594,612.9143387079239,1276.155412197113,666.143149137497,1482.4262261390686,903.1295776367188
F,827.3308724164963,1163.034439086914,978.5311669111252,1120.5444484949112,1390.121579170227,390.37495851516724,1534.9242091178894,505.8743804693222,1647.0634937286377,811.5291595458984
F,978.936105966568,1475.5213260650635,1062.0493441820145,1469.9658751487732,1375.4087686538696,346.90558910369873,1596.8933701515198,494.3927377462387,1765.035092830658,822.3593980073929
F,861.046314239502,1422.8905737400055,986.7607802152634,1420.9285378456116,1297.0216572284698,341.25059843063354,1526.002585887909,462.21956610679626,1668.5852408409119,756.0519874095917
F,809.0853691101074,1485.3452146053314,966.772735118866,1539.9976074695587,1217.5320088863373,423.48869144916534,1422.046720981598,548.6008524894714,1600.852608680725,835.9137177467346
F,1084.7030580043793,1280.762106180191,1089.1271382570267,1273.7727165222168,1211.5242332220078,399.49677884578705,1358.40505361557,462.70333230495453,1486.307680606842,686.7574155330658
F,1229.972392320633,1361.061930656433,1189.00828063488,1355.5513322353363,1371.8917965888977,491.9343441724777,1509.4614028930664,556.5980076789856,1627.526879310608,781.1956107616425
F,1159.4012379646301,1342.5734639167786,1086.9621485471725,1313.139647245407,1302.0722568035126,441.23575091362,1437.5022053718567,526.5738815069199,1547.372192144394,748.6723363399506
G,398.73266220092773,856.1937808990479,213.09345960617065,568.4062242507935,899.4683027267456,967.2337770462036,926.86927318573,1063.141107559204,957.0820927619934,1154.165267944336
G,388.8057470321655,980.5698990821838,125.4274845123291,660.1375341415405,1041.886568069458,1094.1576957702637,1166.9923067092896,1201.4415264129639,1216.0874605178833,1297.2540855407715
G,436.0586404800415,955.8746218681335,317.69388914108276,636.9637846946716,958.9236974716187,1040.5112504959106,970.9824323654175,1105.8826446533203,974.0715026855469,1186.4322423934937
G,447.6441740989685,874.2412328720093,322.8762149810791,559.565007686615,923.5525727272034,882.6410174369812,957.2334885597229,985.0687980651855,984.1814637184143,1081.93039894104
G,403.65099906921387,885.3737115859985,233.30169916152954,564.6658539772034,911.2973213195801,968.2189226150513,936.0625147819519,1060.9912872314453,958.4693908691406,1165.171504020691
G,434.0207576751709,910.7887148857117,238.53039741516113,611.1066341400146,979.6575903892517,983.0146431922913,995.9591031074524,1080.6858539581299,1032.0289134979248,1190.4135942459106
G,403.08064222335815,1075.1113891601562,351.4671325683594,683.1567883491516,732.3735356330872,1139.23978805542,894.3556547164917,1224.4807481765747,949.8938918113708,1261.2800598144531
G,679.3363690376282,1059.8481893539429,537.2582674026489,714.6826386451721,1109.6415519714355,934.370756149292,1130.3391456604004,999.3493556976318,1144.337773323059,1047.4339723587036
G,380.69623708724976,1009.5169544219971,313.5216236114502,600.9926795959473,722.8216528892517,1017.8550481796265,846.783697605133,1064.3516778945923,927.9085993766785,1105.5575609207153
G,416.0541892051697,1056.2903881072998,360.0045442581177,686.8874430656433,738.776683807373,1099.91455078125,874.762237071991,1178.0749559402466,945.2797174453735,1231.773018836975
G,566.5539503097534,844.9240922927856,271.7397212982178,411.03610396385193,849.7381806373596,871.5660572052002,853.0926704406738,957.3044776916504,795.2322959899902,1038.7991666793823
G,468.4777855873108,917.0124530792236,300.01235008239746,523.3698487281799,978.8883924484253,858.0260276794434,969.5483446121216,943.2427883148193,940.6054615974426,973.2893109321594
G,629.1882991790771,924.322247505188,480.9678792953491,640.3965353965759,1001.5089511871338,897.4337577819824,1004.9006938934326,967.3284888267517,779.3483734130859,935.9158277511597
G,569.9543952941895,913.0830764770508,402.8451442718506,598.6466407775879,955.1002979278564,861.9788885116577,931.6596984863281,930.2228689193726,746.1934089660645,939.4044876098633
H,630.702555179596,1166.7360067367554,236.33700609207153,780.7056307792664,164.02029991149902,914.6096110343933,864.8017048835754,1320.7132816314697,893.6043381690979,1420.609951019287
H,640.886664390564,1087.410807609558,232.32078552246094,677.0243644714355,134.05579328536987,836.6353511810303,820.8180665969849,1231.0608625411987,858.5960865020752,1332.6478004455566
H,623.3779191970825,1093.786120414734,226.4035940170288,699.8586058616638,153.52070331573486,847.8065729141235,858.9930534362793,1266.0349607467651,881.2453746795654,1394.0143585205078
H,587.3235464096069,1092.634916305542,202.00467109680176,692.3441290855408,129.9304962158203,863.1210327148438,812.9704594612122,1245.0536489486694,850.029706954956,1352.4099588394165
H,592.2874212265015,987.3676300048828,146.96764945983887,679.3231964111328,109.9579930305481,783.0339670181274,810.7490539550781,1205.6078910827637,838.9377593994141,1342.8561687469482
H,737.6006841659546,1010.6590986251831,365.9999370574951,854.2738556861877,283.61785411834717,1024.1599082946777,860.2668642997742,1359.6560955047607,933.8321089744568,1449.0185976028442
H,713.0951881408691,983.0454587936401,393.52303743362427,823.6361742019653,289.2010807991028,995.2347278594971,858.3624362945557,1370.0013160705566,962.725043296814,1437.0605945587158
H,841.7260646820068,1034.610629081726,510.0976228713989,985.1657152175903,445.81031799316406,1096.4434146881104,1041.036605834961,1180.6857585906982,1067.399024963379,1276.958703994751
H,803.6919832229614,957.9696655273438,451.1828422546387,939.6058320999146,354.5804023742676,1068.3820247650146,1101.8767356872559,1166.9316291809082,1074.3134021759033,1278.9124250411987
H,767.9607272148132,1104.8762798309326,351.1643409729004,888.2462978363037,236.94008588790894,1014.6706104278564,789.7416353225708,1436.7845058441162,880.3205490112305,1513.9923095703125
H,775.8839726448059,829.3949365615845,238.69717121124268,789.3166542053223,317.24458932876587,1010.5992555618286,1077.29172706604,1222.3832607269287,1232.4694395065308,1339.1308784484863
H,1028.7882387638092,1266.1999464035034,448.1453448534012,1199.0228295326233,364.861935377121,1385.6977224349976,1270.258128643036,1690.068393945694,1244.1788613796234,1853.5473942756653
H,1116.0089075565338,1212.3992294073105,519.8922753334045,1296.3929772377014,797.3477989435196,1592.1951830387115,1100.2185195684433,1785.4946851730347,1257.3279440402985,1869.9732422828674
H,1008.1221163272858,1300.2097606658936,432.0589452981949,1390.8927142620087,358.0772131681442,1610.911637544632,1308.2590699195862,1809.0125918388367,1363.2182776927948,1973.4050333499908
H,899.009108543396,1095.0098186731339,473.2554405927658,920.2602505683899,342.91937947273254,1064.2584413290024,1262.608915567398,1271.446943283081,1284.557580947876,1423.7825572490692
H,901.9048511981964,1234.530434012413,585.8195573091507,902.7646481990814,485.48631370067596,949.6921300888062,1138.2156610488892,1226.0603159666061,1260.8402967453003,1359.8662614822388
H,947.9387104511261,1240.5537068843842,655.0629436969757,880.9664845466614,561.8388950824738,983.7998449802399,1344.846785068512,1267.6455080509186,1402.1819829940796,1393.0124044418335
I,612.2947931289673,864.3571734428406,652.7348756790161,979.9563884735107,807.5138926506042,1067.2101974487305,932.1085214614868,1013.0926370620728,1254.2463541030884,363.25663328170776
I,614.9608492851257,909.1718196868896,598.4992980957031,1125.4686117172241,770.3665494918823,1298.4648942947388,909.4203114509583,1345.6178903579712,1075.9061574935913,279.63656187057495
I,720.2060222625732,934.0130686759949,738.6205196380615,1032.188892364502,885.5215907096863,1137.0972394943237,1005.9770345687866,1098.3812808990479,1330.003023147583,514.7914290428162
I,705.9277892112732,920.7390546798706,706.7326307296753,1017.7578926086426,847.1325635910034,1120.0499534606934,969.0889716148376,1087.4357223510742,1281.2833786010742,480.86121678352356
I,620.0509071350098,898.9167213439941,658.399224281311,1023.6903429031372,807.166576385498,1095.1341390609741,932.4156045913696,1070.4421997070312,1216.592788696289,444.0697729587555
I,631.9173574447632,899.4245529174805,683.5083961486816,1012.4078989028931,821.041464805603,1103.0462980270386,943.2915449142456,1072.4005699157715,1232.2967052459717,439.9300217628479
I,577.2550106048584,964.9795889854431,694.3223476409912,1203.8977146148682,842.4681425094604,1343.6959981918335,953.8239240646362,1404.5946598052979,1087.8864526748657,543.036699295044
I,748.9843964576721,870.2276349067688,768.3759927749634,1114.1997575759888,873.8943338394165,1233.2080602645874,985.0081205368042,1259.7146034240723,1194.1218376159668,511.00826263427734
I,583.1496715545654,884.611189365387,681.0082197189331,1132.4384212493896,830.6052684783936,1249.0757703781128,949.6464729309082,1299.3415594100952,1095.3116416931152,460.1244926452637
I,664.2615795135498,878.2756924629211,764.8658156394958,1125.5061626434326,909.5476269721985,1266.1113739013672,1022.8710174560547,1331.5049409866333,1160.5826616287231,465.7846689224243
I,703.9384245872498,900.1787900924683,700.7508277893066,1105.189561843872,876.4896392822266,1277.0299911499023,1017.8581476211548,1314.9937391281128,1211.8313312530518,222.99957275390625
I,787.1108055114746,1050.9884357452393,701.5978097915649,1185.1824522018433,903.9033055305481,1281.2261581420898,1048.5527515411377,1248.780608177185,1286.2675189971924,259.5350742340088
I,695.5137848854065,908.4252715110779,667.1463847160339,1087.7255201339722,833.0765962600708,1238.916516304016,972.4190831184387,1280.0171375274658,1170.30668258667,337.105929851532
I,782.1729183197021,944.2331194877625,773.7263441085815,1116.5835857391357,939.2544627189636,1260.5657577514648,1082.9806327819824,1286.5312099456787,1321.1848735809326,351.97770595550537
I,855.1627397537231,842.2722220420837,900.4483819007874,1139.5833492279053,1040.3331518173218,1271.5668678283691,1171.2535619735718,1284.554123878479,1290.3242111206055,374.7788667678833
I,819.9317455291748,731.3008308410645,851.9357442855835,1050.554871559143,965.1226997375488,1196.548581123352,1104.827880859375,1214.4246101379395,1305.0117492675781,329.69167828559875
I,774.4116187095642,711.768388748169,798.4392642974854,1043.6851978302002,913.7185215950012,1183.3491325378418,1052.4957180023193,1198.1157064437866,1252.2560358047485,323.2196867465973
J,952.6851773262024,1029.941201210022,910.0526571273804,960.6472253799438,768.4673070907593,1055.4455518722534,643.7380909919739,1117.8090572357178,172.56659269332886,825.7598876953125
J,626.0387301445007,519.127607345581,926.7899990081787,732.4845194816589,840.3573036193848,923.5310554504395,709.255576133728,1070.1724290847778,345.6977605819702,1031.0947895050049
J,817.4660205841064,485.07678508758545,916.7729020118713,693.6877369880676,847.4436402320862,892.869234085083,764.2059326171875,1092.974305152893,550.6777763366699,1108.489990234375
J,1021.1195945739746,1011.3306045532227,977.6557087898254,981.2401533126831,833.4863781929016,1100.874662399292,706.9480419158936,1171.9012260437012,197.4717378616333,792.9127216339111
J,1021.80016040802,1007.5176954269409,983.8134050369263,958.0180048942566,839.4085168838501,1071.8621015548706,712.409257888794,1145.4713344573975,224.65592622756958,782.1727991104126
J,1032.3936939239502,994.6361780166626,967.4067497253418,945.9383487701416,829.383373260498,1064.1142129898071,685.4886412620544,1135.1895332336426,214.7548794746399,779.6888947486877
J,1085.4134559631348,770.0393199920654,1074.1616487503052,931.0190677642822,971.599817276001,958.4137797355652,833.270251750946,1032.3269367218018,685.4779124259949,1011.146068572998
J,1095.996618270874,700.859785079956,1083.6400985717773,822.3063349723816,977.3839116096497,869.2613244056702,830.7961225509644,952.7567625045776,661.3580584526062,916.5055155754089
J,986.0644340515137,764.1663551330566,993.4772253036499,884.5857381820679,841.1290645599365,967.8881168365479,713.0531072616577,1016.4650678634644,174.39693212509155,663.1367206573486
J,1048.9659309387207,1025.7171392440796,965.6052589416504,952.1881341934204,824.5154619216919,1062.692403793335,704.4496536254883,1138.4806632995605,200.9451389312744,790.8391356468201
J,948.1619000434875,808.6416721343994,947.2138285636902,926.0662198066711,804.2754530906677,999.4104504585266,685.6721043586731,1049.2721796035767,178.49069833755493,726.469099521637
J,863.1093502044678,604.6596765518188,901.7992615699768,776.1051654815674,840.2363657951355,906.4902663230896,703.5331130027771,1079.5609951019287,518.1147456169128,1084.572672843933
J,1057.9158067703247,577.8722763061523,1179.3614625930786,846.2876677513123,1006.5661668777466,912.1629595756531,842.5762057304382,984.9445223808289,551.9630908966064,811.2722635269165
J,1066.6218996047974,543.60032081604,1130.3019523620605,794.0288782119751,951.1077404022217,829.5533657073975,782.0984125137329,896.9785571098328,543.0236458778381,781.2888026237488
J,999.4163513183594,538.6196374893188,1104.6333312988281,793.0883765220642,950.6508111953735,834.8184823989868,792.4929857254028,923.3261942863464,567.2965049743652,839.4055366516113
K,625.5049705505371,682.823896408081,361.6713285446167,207.49616622924805,939.5480155944824,216.00216627120972,952.932596206665,1442.5086975097656,1081.6422700881958,1434.027910232544
K,698.7360715866089,862.4262809753418,492.80136823654175,403.4433960914612,916.394293308258,402.3800492286682,794.0648198127747,1459.893822669983,915.4503345489502,1477.4518013000488
K,835.0172638893127,771.5445756912231,614.1915917396545,287.5599265098572,1217.5424098968506,420.8998680114746,975.3428101539612,1408.7440967559814,1079.1324377059937,1438.9188289642334
K,883.6618065834045,781.0091376304626,701.6257047653198,281.30316734313965,1302.5639057159424,419.5537567138672,1022.9899883270264,1431.0829639434814,1111.3393306732178,1459.4106674194336
K,872.4871873855591,754.1948556900024,738.7670278549194,255.5563449859619,1314.0558004379272,446.6620683670044,993.0870532989502,1415.5924320220947,1094.1534042358398,1446.9656944274902
K,906.5656065940857,847.6746678352356,753.8924217224121,347.3682999610901,1345.3408479690552,502.99882888793945,1002.3175477981567,1519.4010734558105,1093.9751863479614,1552.7900457382202
K,909.4793796539307,750.0460147857666,793.1376695632935,254.82821464538574,1363.5761737823486,474.689245223999,1020.2171802520752,1451.3938426971436,1124.880075454712,1491.477370262146
K,932.8227639198303,701.1764645576477,825.4728317260742,352.3094058036804,1265.015959739685,425.5618453025818,960.6940746307373,1291.678786277771,1079.4581174850464,1324.8310089111328
K,923.3344197273254,933.2810044288635,721.7307090759277,468.5918092727661,1195.292592048645,476.38237476348877,1040.5372381210327,1508.638858795166,1160.7890129089355,1520.2741622924805
K,889.8894786834717,963.4647965431213,700.4354000091553,501.31678581237793,1161.518931388855,530.6195020675659,1008.7809562683105,1555.4498434066772,1129.552721977234,1547.1532344818115
K,642.4729824066162,681.3319325447083,452.9861509799957,263.7631297111511,957.9311609268188,235.52125692367554,977.5813817977905,1399.4574546813965,1101.41921043396,1392.6578760147095
K,724.4710922241211,881.6673755645752,526.360273361206,433.45052003860474,983.1622838973999,433.493435382843,850.6549000740051,1463.8323783874512,982.4703931808472,1472.060203552246
K,1168.968379497528,904.562920331955,951.3340890407562,401.8343985080719,1561.901718378067,432.4193298816681,1387.2765004634857,1723.9481210708618,1498.347520828247,1710.9563946723938
K,1063.007041811943,950.5512565374374,938.9257431030273,436.81472539901733,1483.645886182785,487.27110028266907,1311.158537864685,1782.112717628479,1442.597359418869,1770.6796526908875
K,1081.92577958107,1042.1252250671387,920.2217310667038,447.9648917913437,1508.360505104065,551.9004166126251,1284.8764657974243,1901.0959565639496,1443.5958862304688,1854.834407567978
K,1214.110627770424,924.3682026863098,942.700207233429,467.74834394454956,1559.4452619552612,496.73646688461304,1290.861815214157,1524.1754055023193,1386.2890005111694,1566.9216215610504
K,1250.5337595939636,876.8277615308762,1019.8279470205307,430.4278641939163,1596.4332222938538,495.5188184976578,1321.7675685882568,1498.958021402359,1451.0345458984375,1538.2876992225647
K,1249.6816366910934,936.8796646595001,1020.9161043167114,497.2316324710846,1625.4399716854095,545.8445474505424,1310.7967376708984,1566.61257147789,1459.9889516830444,1594.4521129131317
L,236.45120859146118,823.4139680862427,762.2154951095581,175.91166496276855,981.2861084938049,1143.7973976135254,1100.2180576324463,1209.3812227249146,1209.0058326721191,1241.2681579589844
L,244.01545524597168,1031.753420829773,852.0636558532715,329.7308087348938,852.1369695663452,1236.952781677246,992.260217666626,1371.2174892425537,1105.3060293197632,1356.1506271362305
L,201.16323232650757,767.4147486686707,720.3150391578674,145.43652534484863,942.8272843360901,1092.294454574585,1071.1443424224854,1154.5547246932983,1200.910210609436,1169.0608263015747
L,274.05279874801636,768.2501077651978,791.0447716712952,159.43652391433716,1002.9549598693848,1109.0019941329956,1128.4798383712769,1167.2914028167725,1256.7884922027588,1170.1257228851318
L,179.90314960479736,819.8144435882568,725.5098819732666,201.55411958694458,923.4399199485779,1159.1086387634277,1066.3844347000122,1221.4053869247437,1201.2720108032227,1234.5235347747803
L,158.65540504455566,812.8414154052734,706.0306072235107,209.05137062072754,900.656521320343,1143.487572669983,1037.0560884475708,1208.5356712341309,1165.5324697494507,1223.5372066497803
L,206.46154880523682,1065.2439594268799,598.1690883636475,386.25776767730713,882.3497295379639,1362.5072240829468,1040.808081626892,1469.7645902633667,1181.3032627105713,1441.3169622421265
L,384.6142292022705,853.3664345741272,917.2334671020508,320.3199505805969,1081.9997787475586,1149.3639945983887,1187.601089477539,1219.1202640533447,1309.6250295639038,1217.714548110962
L,356.43112659454346,1008.8533163070679,897.1351385116577,263.95702362060547,955.5623531341553,1142.0269012451172,1099.793553352356,1276.0577201843262,1215.462565422058,1243.480920791626
L,260.94555854797363,1005.1908493041992,829.2304277420044,271.06839418411255,860.451877117157,1174.710750579834,1007.3996782302856,1315.429449081421,1115.9778833389282,1286.5008115768433
L,245.31883001327515,716.8980836868286,677.9718399047852,150.25711059570312,864.8062944412231,1127.2014379501343,1011.3520622253418,1234.29536819458,1154.0460586547852,1199.1965770721436
L,195.28722763061523,997.596800327301,779.9332141876221,313.8928413391113,786.2517833709717,1206.6173553466797,925.6445169448853,1347.1819162368774,1032.0065021514893,1313.970923423767
L,458.7279260158539,1214.165911078453,1030.6685417890549,201.25672221183777,1154.7733843326569,1679.2090237140656,1343.347579240799,1821.5110898017883,1523.2588350772858,1768.1536078453064
L,436.68903410434723,1266.4920091629028,919.9782460927963,393.80624890327454,1099.0610718727112,1766.4285004138947,1269.4846093654633,1945.907175540924,1424.5525002479553,1921.3396310806274
L,418.7668114900589,1145.1070755720139,1059.8933696746826,321.977362036705,1092.5457626581192,1655.8600962162018,1255.6640803813934,1815.2184784412384,1426.8100261688232,1793.7755584716797
L,681.9140166044235,1130.5972188711166,1294.6194410324097,463.1803184747696,1340.1702046394348,1340.9700989723206,1431.8442344665527,1462.1709287166595,1518.0057287216187,1547.3419427871704
L,472.8907346725464,1175.8088320493698,1072.2680389881134,511.663481593132,1197.296530008316,1349.5734333992004,1302.8770685195923,1462.6570045948029,1398.5849916934967,1529.6761691570282
L,497.5457489490509,1105.9971898794174,1084.686517715454,478.7828028202057,1216.0135060548782,1335.2301716804504,1315.600574016571,1440.0483667850494,1412.5041663646698,1492.4907684326172
M,862.6163005828857,974.2105603218079,725.796103477478,996.7826008796692,854.5264005661011,1021.3955640792847,998.9883899688721,1051.0565042495728,1076.744556427002,1171.605944633484
M,1017.305850982666,1002.9908418655396,631.6604614257812,1085.0892066955566,747.1072673797607,1031.3799381256104,898.9431262016296,1053.6621809005737,927.360475063324,1239.9389743804932
M,1243.9920902252197,1085.6311321258545,648.4724879264832,1240.3476238250732,787.8482341766357,1230.076551437378,939.9830102920532,1243.3336973190308,1015.937328338623,1364.3863201141357
M,1228.3082008361816,1137.3924016952515,680.4180145263672,1254.920482635498,818.799078464508,1251.9123554229736,946.1880326271057,1284.9736213684082,1009.8315477371216,1393.058180809021
M,704.0960192680359,944.5539116859436,548.2836365699768,918.8545942306519,670.4213619232178,946.742832660675,795.8336472511292,989.8743033409119,845.4417586326599,1099.295973777771
M,950.9918689727783,916.1123037338257,739.0828728675842,977.8798222541809,879.1118264198303,1001.5710592269897,1019.7350978851318,1037.9931926727295,1084.1678380966187,1157.3630571365356
M,671.9350218772888,901.6873240470886,592.2034978866577,933.6310625076294,727.6015877723694,956.8875432014465,869.3225383758545,987.6329302787781,932.4653744697571,1118.2570457458496
M,897.0605731010437,940.5245184898376,794.4954633712769,1039.175033569336,917.2021746635437,1116.7161464691162,1014.0104293823242,1137.1288299560547,1065.423607826233,1277.8509855270386
M,1038.0326509475708,883.7089538574219,627.8473138809204,998.5754489898682,757.658839225769,909.2462062835693,916.6034460067749,916.105329990387,935.5592727661133,1151.0342359542847
M,999.3547797203064,887.4152302742004,602.1006107330322,998.2121586799622,712.7254009246826,922.845184803009,877.3965835571289,928.3040165901184,903.8682579994202,1156.3091278076172
M,797.3291873931885,946.8749761581421,623.8877773284912,947.6180076599121,755.0039291381836,969.973087310791,892.0913338661194,1007.4902772903442,952.1324634552002,1123.038411140442
M,992.7569031715393,953.4015655517578,601.3579368591309,1038.3195877075195,718.1602716445923,981.9467663764954,870.3762888908386,1015.0293111801147,906.5654873847961,1210.1958990097046
M,1472.9411602020264,691.8747425079346,558.0819845199585,1018.3792114257812,745.2439069747925,1013.166069984436,989.6973967552185,1028.3658504486084,1189.1289949417114,1157.4618816375732
M,1364.1812801361084,767.776370048523,515.4718160629272,1096.5240001678467,687.3921155929565,1077.193021774292,913.6012196540833,1052.3107051849365,1113.0471229553223,1212.6367092132568
M,1382.5817108154297,670.3870296478271,527.0947813987732,1050.148844718933,692.8762197494507,1040.578842163086,930.2723407745361,1021.1377143859863,1144.4748640060425,1168.7047481536865
M,1107.0244312286377,715.7296538352966,762.1954083442688,833.6031436920166,884.7152590751648,914.4223928451538,1015.5417919158936,947.8098154067993,1077.53324508667,1054.3646812438965
M,1050.0251054763794,689.2297863960266,740.9245371818542,814.9442672729492,868.2054281234741,887.2811198234558,980.0610542297363,962.0441198348999,1028.1468629837036,1073.2414722442627
M,1065.0973320007324,742.7535057067871,772.2434997558594,901.5070199966431,894.5272564888,974.63059425354,1005.4277181625366,1048.601508140564,1052.7726411819458,1141.4649486541748
N,560.81622838974,874.5120763778687,511.3043785095215,908.9323282241821,645.5544829368591,928.2275438308716,763.4244561195374,1064.4371509552002,922.9012727737427,1061.662197113037
N,1207.374095916748,767.5412893295288,739.4044995307922,989.07071352005,881.0564875602722,946.3480710983276,976.3123989105225,1201.60710811615,1169.6832180023193,1211.1254930496216
N,520.2021598815918,810.0581169128418,531.4310789108276,814.0555024147034,667.2394871711731,841.7360186576843,796.0818409919739,963.1718397140503,942.1433806419373,957.984209060669
N,574.1280317306519,859.1969013214111,512.5755667686462,858.2350611686707,662.704586982727,889.7832632064819,818.2923793792725,1024.5728492736816,980.4660677909851,998.9497661590576
N,611.0467910766602,879.1452050209045,568.8400268554688,871.1113333702087,704.2510509490967,896.7083692550659,854.1525602340698,1020.1270580291748,1003.82399559021,1027.750849723816
N,496.83424830436707,883.2395076751709,483.2603931427002,894.1919803619385,642.287015914917,911.4413857460022,792.8708791732788,1033.6949825286865,956.8264484405518,1023.5629081726074
N,1153.0863046646118,739.3244504928589,599.7329950332642,1098.0266332626343,716.0352468490601,1107.590913772583,804.3313026428223,1343.9470529556274,982.8892350196838,1336.5871906280518
N,1069.2603588104248,852.2849082946777,648.9169001579285,1048.6550331115723,798.8603711128235,1007.5860023498535,905.0347208976746,1254.631519317627,1098.0618000030518,1267.707109451294
N,1026.547908782959,733.5209846496582,748.0908632278442,914.5781993865967,830.0721049308777,895.3765034675598,862.6881837844849,1182.640790939331,994.3708181381226,1150.8921384811401
N,1007.582426071167,728.7518978118896,750.5694031715393,924.5558381080627,847.6622700691223,900.1955389976501,872.0505237579346,1191.8058395385742,1001.1181831359863,1158.9503288269043
N,1096.0674285888672,761.6036534309387,481.5637469291687,1124.4295835494995,608.8999509811401,1129.501461982727,724.4236469268799,1362.1147871017456,922.568142414093,1361.955165863037
N,1061.801791191101,934.67116355896,622.1319437026978,1146.4391946792603,769.6582078933716,1112.1824979782104,870.9828853607178,1362.2679710388184,1064.7156238555908,1374.141812324524
N,1373.8479614257812,622.3275065422058,753.7521719932556,1022.2717523574829,938.6897087097168,1002.3573637008667,979.9520969390869,1407.6471328735352,1209.7731828689575,1305.408000946045
N,1127.618670463562,586.5064263343811,724.5586514472961,825.9950876235962,832.1079015731812,845.7275629043579,867.95574426651,1136.9637250900269,985.3169918060303,1128.8211345672607
N,1157.020092010498,605.5669784545898,803.4740686416626,875.6875991821289,899.4420766830444,884.9571943283081,927.7368187904358,1165.4255390167236,1028.9804935455322,1162.4234914779663
N,1142.0754194259644,616.2192225456238,797.2356081008911,858.7609529495239,890.4881477355957,870.3213334083557,911.0321998596191,1150.373935699463,1005.5773258209229,1162.5382900238037
O,401.69036388397217,1003.5103559494019,511.5761160850525,784.6921682357788,522.7845907211304,821.6618895530701,492.9247498512268,869.1902756690979,494.35603618621826,890.6503915786743
O,483.24325680732727,986.7199063301086,575.3169059753418,843.1705832481384,576.0974884033203,873.7738728523254,551.3396859169006,947.735607624054,595.9790945053101,1016.5996551513672
O,379.0842294692993,1144.5424556732178,508.1225633621216,908.6047410964966,513.0362510681152,975.0094413757324,500.5006790161133,1036.7000102996826,492.34479665756226,1052.5598526000977
O,353.20889949798584,739.0863299369812,414.89315032958984,545.7103848457336,381.42502307891846,531.2219262123108,330.7958245277405,543.5754060745239,412.3367667198181,540.9325361251831
O,336.1482620239258,706.7317962646484,376.1311173439026,541.5343642234802,353.6643385887146,526.88068151474,319.4008469581604,539.2488837242126,425.98897218704224,517.244815826416
O,315.8565163612366,717.9755568504333,341.14718437194824,571.093738079071,313.87972831726074,549.9177575111389,278.5075306892395,562.7182722091675,396.4856266975403,523.0566263198853
O,524.3195295333862,1005.9263706207275,541.2708520889282,888.0109786987305,541.0301685333252,851.7293334007263,528.814435005188,869.9601888656616,549.1694211959839,862.1477484703064
O,519.7762846946716,994.830071926117,541.3503050804138,877.4430751800537,543.3956384658813,841.4310812950134,532.9610109329224,849.1198420524597,569.6687698364258,822.8636384010315
O,507.31563568115234,965.6930565834045,580.0102949142456,843.643844127655,594.5734977722168,865.9970760345459,580.7114839553833,929.1634559631348,595.672070980072,991.5210008621216
O,296.56875133514404,715.7142162322998,325.7327675819397,567.5618648529053,287.7282500267029,547.7170944213867,263.64052295684814,560.916006565094,377.5848150253296,550.0960946083069
O,502.9839277267456,925.5867600440979,603.4080386161804,781.8426489830017,596.6704487800598,816.7706727981567,576.2349963188171,884.9586844444275,606.959342956543,947.9479789733887
O,569.7169303894043,1059.6809387207031,571.7380046844482,815.8490657806396,600.7125377655029,824.3811130523682,581.8532109260559,900.3845453262329,569.7801113128662,927.7575016021729
O,563.0853176116943,1045.4528331756592,555.4358959197998,782.3813557624817,562.7709627151489,781.1791896820068,553.5936951637268,864.6351099014282,580.774188041687,911.567211151123
O,532.5706005096436,997.1613883972168,557.5149655342102,764.2958760261536,562.1247887611389,782.5382947921753,552.1236658096313,865.5113577842712,580.2178382873535,887.7710103988647
O,511.75081729888916,747.6959824562073,564.3526911735535,610.5173826217651,571.9605088233948,585.693895816803,579.8144936561584,599.6519327163696,633.2399249076843,571.9060897827148
O,512.4719142913818,782.3470830917358,599.9516844749451,636.7621421813965,622.5613355636597,621.2420463562012,630.7610869407654,644.2390084266663,674.6999025344849,611.7857694625854
O,560.4444742202759,774.9531865119934,624.8137950897217,627.0034909248352,626.0336637496948,610.7826232910156,634.6397995948792,652.7867913246155,694.7698593139648,632.6944231987
P,1173.1531620025635,1377.485752105713,1537.9323959350586,1450.2110481262207,1212.562084197998,1920.9293127059937,495.9178864955902,1419.5280075073242,439.2092227935791,1443.023920059204
P,1170.9257364273071,1262.1625661849976,1542.5734519958496,1116.2759065628052,1216.7905569076538,1528.1431674957275,747.6041316986084,1430.4252862930298,717.628002166748,1396.2023258209229
P,1126.735806465149,1239.2578125,1223.130464553833,1170.239806175232,1602.222204208374,1113.548994064331,979.6481132507324,1363.934874534607,1030.9727191925049,1447.965145111084
P,1145.0775861740112,1156.3236713409424,1544.1830158233643,1028.6791324615479,1060.6015920639038,1543.062686920166,689.5192265510559,1093.0969715118408,664.3142700195312,1121.4615106582642
P,1188.2191896438599,1121.8470335006714,1291.195273399353,1184.0407848358154,1018.7848806381226,1286.3802909851074,970.5379605293274,1224.5328426361084,1114.0828132629395,1197.483777999878
P,1244.9487447738647,1016.8095827102661,1741.355299949646,960.6457352638245,1219.3491458892822,1498.7025260925293,570.7892179489136,1224.853277206421,532.1022272109985,1249.0756511688232
P,1213.7094736099243,943.1931376457214,1606.4467430114746,713.4072780609131,1147.6267576217651,1404.7943353652954,719.7014689445496,1035.1500511169434,681.0626983642578,1037.6732349395752
P,1235.1586818695068,1018.1853771209717,1677.7265071868896,859.9676489830017,1189.2319917678833,1370.7143068313599,718.1793451309204,982.2694659233093,777.391254901886,1041.7770147323608
Q,1096.3575839996338,1860.1386547088623,1423.9360094070435,1873.9756345748901,857.5200438499451,1516.0980224609375,765.9050226211548,1450.7471323013306,787.5529527664185,1424.2020845413208
Q,747.4655508995056,1875.0286102294922,1292.4025058746338,1865.9071922302246,765.7259106636047,1290.38405418396,772.878885269165,1231.2729358673096,783.2969427108765,1216.6967391967773
Q,923.0573177337646,1721.9476699829102,1439.740777015686,1686.951756477356,842.4656987190247,1180.641531944275,800.0696301460266,1149.6614217758179,806.1299920082092,1163.9925241470337
Q,923.7745404243469,1670.79758644104,1439.47434425354,1586.704969406128,835.3517055511475,1108.1640720367432,811.6015195846558,1106.034278869629,813.7878179550171,1133.9032649993896
Q,869.6878552436829,1617.1680688858032,1390.5378580093384,1558.5020780563354,772.8455066680908,1084.4696760177612,760.625422000885,1097.4137783050537,760.6891393661499,1128.515601158142
Q,887.4934315681458,1659.6901416778564,1403.1323194503784,1596.771240234375,807.8227043151855,1132.6956748962402,791.6638851165771,1141.7415142059326,787.7956628799438,1175.7779121398926
Q,1061.2255334854126,1836.1337184906006,1566.084384918213,1762.5513076782227,948.1734037399292,1283.088207244873,909.6032381057739,1276.8462896347046,920.3047752380371,1301.925778388977
Q,873.1163740158081,1710.8874320983887,1374.9516010284424,1690.4854774475098,833.5484862327576,1150.5168676376343,839.2627239227295,1083.3581686019897,861.7607355117798,1059.9983930587769
Q,992.8838610649109,1454.6340703964233,1346.8499183654785,1354.7308444976807,836.8203639984131,1008.756160736084,814.695417881012,968.275249004364,829.696774482727,957.6686024665833
Q,981.8575382232666,1511.765956878662,1302.7980327606201,1406.3608646392822,826.9269466400146,1088.617205619812,811.7937445640564,1053.9443492889404,808.0714344978333,1011.565089225769
Q,739.2600774765015,1850.1369953155518,1268.7132358551025,1802.638292312622,752.5345683097839,1266.111969947815,763.031005859375,1205.683946609497,778.2242894172668,1172.5959777832031
Q,965.4734134674072,1645.6581354141235,1333.6031436920166,1749.6130466461182,940.1170611381531,1209.220290184021,876.6860961914062,1067.261815071106,895.4408764839172,1031.6051244735718
Q,1063.1667375564575,1692.370057106018,1475.1704931259155,1802.8199672698975,1005.6339502334595,1257.7990293502808,967.7273035049438,1124.098300933838,999.9200105667114,1103.6406755447388
Q,828.0749320983887,1449.8980045318604,1192.79146194458,1442.4608945846558,940.3892755508423,1156.3770771026611,835.2559208869934,986.9650602340698,863.2053136825562,947.384238243103
R,812.7760291099548,1132.0548057556152,889.1251683235168,420.6724762916565,854.4298410415649,398.9711403846741,792.8414940834045,1398.2871770858765,882.2919130325317,1470.2540636062622
R,1133.324384689331,1250.5091428756714,1068.6991214752197,647.8973627090454,953.212320804596,596.2256193161011,992.7603006362915,1339.0401601791382,1034.5897674560547,1431.4037561416626
R,826.0061740875244,1003.9006471633911,854.2499542236328,281.05175495147705,821.958601474762,233.49696397781372,830.9980630874634,1282.3532819747925,935.9285831451416,1319.526195526123
R,1135.2583169937134,1119.8699474334717,1062.3395442962646,501.72942876815796,979.1858792304993,471.9838500022888,1008.9919567108154,1187.7824068069458,1033.779501914978,1294.8031425476074
R,932.5076341629028,963.4239673614502,1017.0078277587891,288.4141206741333,934.1808557510376,253.48824262619019,958.1519961357117,1208.1266641616821,1094.525933265686,1274.6714353561401
R,978.7865877151489,974.8654961585999,1057.5895309448242,297.0520257949829,954.9183249473572,264.8608684539795,967.8096771240234,1210.4212045669556,1105.0254106521606,1278.1445980072021
R,854.1905283927917,747.6629614830017,943.8416957855225,348.72764348983765,831.5678238868713,274.0831971168518,771.416962146759,1069.8273181915283,858.2764863967896,1143.608570098877
R,859.2548370361328,725.1014113426208,939.0097856521606,315.4374361038208,816.8492913246155,248.30681085586548,771.3623046875,1060.0080490112305,849.4430184364319,1141.6301727294922
R,789.4033193588257,678.7251830101013,818.2546496391296,208.80109071731567,716.1475419998169,279.58741784095764,666.416585445404,1037.8837585449219,759.3659162521362,1122.9262351989746
R,714.0452861785889,674.6723055839539,778.2018780708313,216.39484167099,700.5358338356018,198.50337505340576,633.0908536911011,1022.9673385620117,739.1307353973389,1093.1288003921509
R,672.3060607910156,624.9498128890991,710.2420330047607,131.32107257843018,631.7827701568604,174.98856782913208,572.9191303253174,1023.0357646942139,674.1647124290466,1083.8135480880737
R,757.2818398475647,1038.4697914123535,809.2262148857117,292.07104444503784,765.5277252197266,312.4080300331116,733.946681022644,1314.6387338638306,850.4732847213745,1365.1344776153564
R,1232.4057519435883,1512.8152072429657,1390.8904790878296,546.5990304946899,1247.9645013809204,459.43543314933777,1224.9482423067093,1782.3037505149841,1403.6540687084198,1842.2558903694153
R,1013.9277577400208,1480.5595576763153,1162.1061712503433,511.4535242319107,1031.9101065397263,516.8719589710236,994.1979497671127,1776.6734957695007,1183.607429265976,1821.2339282035828
R,1057.073473930359,1416.2024855613708,1128.833144903183,417.2733426094055,1023.3931988477707,447.0685124397278,1099.7854173183441,1748.0374872684479,1291.2306189537048,1780.4697155952454
R,1424.3802428245544,1318.1433081626892,1324.2465257644653,569.3863332271576,1275.6210565567017,565.0527775287628,1217.7204340696335,1487.2720837593079,1312.2467696666718,1544.3436801433563
R,1505.6926012039185,1376.095712184906,1426.1849224567413,675.0896573066711,1304.1585683822632,590.5589461326599,1255.602091550827,1529.228389263153,1349.9677181243896,1606.4782440662384
R,1396.6178894042969,1379.6547055244446,1331.460326910019,638.1349265575409,1235.9040975570679,559.7629398107529,1160.5676263570786,1488.432139158249,1253.335326910019,1562.977135181427
S,685.8669519424438,1122.740387916565,605.4803133010864,1211.1001014709473,783.1851243972778,1276.9488096237183,913.0927324295044,1368.984580039978,1053.436517715454,1394.439458847046
S,1049.4588613510132,882.378339767456,864.9303913116455,970.7991480827332,970.5743789672852,990.7479286193848,1086.733341217041,1036.6215705871582,1217.551589012146,1035.7179641723633
S,1046.5010404586792,862.6105785369873,888.3346915245056,982.5104475021362,985.2870106697083,1012.1464729309082,1105.9918403625488,1078.7969827651978,1222.2378253936768,1060.5002641677856
S,889.4289135932922,1045.2123880386353,729.3558716773987,1127.7843713760376,903.9140939712524,1182.793378829956,1035.9582901000977,1286.9205474853516,1193.6651468276978,1324.4950771331787
S,947.6462006568909,1102.344036102295,780.3300619125366,1177.5405406951904,935.2574348449707,1236.6676330566406,1071.5107917785645,1348.8646745681763,1226.4527082443237,1378.1628608703613
S,637.2149586677551,851.7181277275085,495.524525642395,849.8123288154602,669.4445013999939,910.694420337677,802.5633096694946,1007.3423385620117,950.1623511314392,1021.8799114227295
S,685.9325766563416,877.9059648513794,536.5052223205566,862.3872995376587,706.5261006355286,924.5557188987732,838.8776779174805,1019.1209316253662,984.271228313446,1037.8332138061523
S,811.1932277679443,916.4094924926758,777.7436971664429,1014.1576528549194,927.7700781822205,1075.8601427078247,1055.6182861328125,1141.7655944824219,1182.094693183899,1152.5421142578125
S,733.5730195045471,829.668939113617,595.7025289535522,824.7328996658325,772.9035019874573,876.4583468437195,911.0332131385803,966.0982489585876,1056.6790103912354,992.084801197052
S,744.4839477539062,833.1615328788757,641.442596912384,809.1158866882324,802.7788996696472,861.0079884529114,933.4367513656616,951.4914155006409,1081.3202857971191,984.9193096160889
S,789.8094654083252,830.1645517349243,705.0707340240479,800.7328510284424,874.1623163223267,858.7135076522827,1012.1873617172241,959.3791961669922,1166.0947799682617,998.9241361618042
S,677.7801513671875,913.1564497947693,603.4931540489197,1027.9242992401123,790.0335788726807,1098.6342430114746,923.7555861473083,1188.0165338516235,1062.5731945037842,1191.1487579345703
S,836.7993831634521,680.6074380874634,715.9122228622437,769.8518633842468,947.5601315498352,824.3640065193176,1160.034418106079,965.5594825744629,1382.4862241744995,1040.9852266311646
S,794.5689558982849,699.5449066162109,668.4139966964722,799.4548082351685,892.8510546684265,868.1318759918213,1107.527256011963,1000.2148151397705,1332.3898315429688,1050.227403640747
S,844.3038463592529,669.8943972587585,689.0093088150024,728.8869619369507,931.857705116272,797.9674935340881,1169.7543859481812,905.9733748435974,1418.9687967300415,986.822247505188
S,896.4940905570984,547.6239919662476,771.8851566314697,751.1810064315796,907.4142575263977,805.1783442497253,1059.362769126892,866.8246269226074,1196.6265439987183,875.6269216537476
S,944.0710544586182,534.2294573783875,788.0538105964661,730.2690744400024,925.6932735443115,770.03413438797,1072.5281238555908,828.8058042526245,1221.5946912765503,835.2106213569641
S,919.1059470176697,597.6788401603699,763.7982964515686,778.313398361206,892.2065496444702,825.600266456604,1040.453553199768,899.7047543525696,1187.5146627426147,909.4923734664917
T,850.7075309753418,695.1289772987366,746.2910413742065,680.1687479019165,788.393497467041,1108.1411838531494,857.9061627388,1274.0473747253418,851.0447144508362,1391.2307024002075
T,754.5650601387024,843.1137800216675,698.3946561813354,767.1189308166504,734.8190546035767,1230.1467657089233,796.009361743927,1382.135510444641,790.9728288650513,1499.3301630020142
T,687.4285936355591,683.3205819129944,644.774854183197,635.1141333580017,712.7551436424255,970.9605574607849,742.351770401001,1082.147717475891,707.0205211639404,1193.3542490005493
T,848.5806584358215,567.8021907806396,677.3693561553955,506.9589614868164,728.8573980331421,1054.3292760849,831.4952850341797,1230.423092842102,836.0123634338379,1366.17112159729
T,955.148458480835,560.8285069465637,672.8677749633789,542.3415303230286,729.8464775085449,1051.1069297790527,798.5240817070007,1216.5141105651855,829.2558789253235,1376.028299331665
T,736.2731695175171,598.0343818664551,690.6152963638306,564.2161965370178,718.9450860023499,1016.899824142456,763.412356376648,1188.7931823730469,730.2446365356445,1350.6145477294922
T,662.6346111297607,621.9806671142578,633.1619024276733,609.8791360855103,666.638970375061,1016.7669057846069,702.2141218185425,1198.6885070800781,657.8589677810669,1351.027250289917
T,717.5679206848145,646.751880645752,673.069179058075,654.5022130012512,711.7313146591187,1070.3225135803223,760.3847980499268,1230.894684791565,704.8323154449463,1374.645709991455
T,630.9731006622314,665.570855140686,606.2573194503784,636.2322568893433,645.7990407943726,1076.716423034668,688.5641813278198,1244.7983026504517,645.097017288208,1416.9971942901611
T,772.7934122085571,637.3096704483032,674.3518114089966,640.3052806854248,736.1515760421753,1052.7423620224,784.3056917190552,1228.5454273223877,735.6972098350525,1388.7320756912231
T,741.8358325958252,775.0876545906067,655.9445858001709,717.9240584373474,688.5906457901001,1205.7424783706665,763.2354497909546,1366.4497137069702,758.5669159889221,1488.9132976531982
T,903.5977721214294,391.29307866096497,733.7009906768799,639.593243598938,694.0906643867493,1021.1931467056274,687.1344447135925,1215.4366970062256,693.4038400650024,1479.2816638946533
T,797.3176836967468,626.2075901031494,743.463933467865,584.8947167396545,802.7053475379944,1027.5323390960693,888.5534405708313,1235.1757287979126,838.750958442688,1421.4212894439697
T,798.724114894867,615.6455278396606,682.3166012763977,564.3813610076904,756.8343281745911,1008.9960098266602,858.5041165351868,1227.016806602478,844.0555930137634,1435.0590705871582
T,814.6141767501831,547.0560789108276,670.8855032920837,499.62759017944336,784.4333648681641,1031.8297147750854,872.8022575378418,1161.2433195114136,876.5047788619995,1318.8636302947998
T,818.8183307647705,526.105523109436,668.9491868019104,483.9105010032654,755.4552555084229,999.5325803756714,844.9426889419556,1140.4824256896973,849.5198488235474,1287.8763675689697
T,741.5697574615479,550.646185874939,635.9422206878662,452.854722738266,711.9959592819214,987.0878458023071,798.4293699264526,1112.4451160430908,778.2931923866272,1249.3467330932617
U,960.797369480133,1051.9845485687256,860.5793714523315,346.1419343948364,1029.5674800872803,301.35124921798706,1028.8509130477905,1342.5706624984741,1152.5681018829346,1357.0634126663208
U,794.8402762413025,1121.5417385101318,645.6727981567383,484.2120409011841,799.3858456611633,421.2738275527954,842.3194885253906,1375.7747411727905,965.0974273681641,1407.7434539794922
U,991.2344217300415,1119.6517944335938,809.1444969177246,516.6845321655273,923.2496619224548,466.3299322128296,906.7949056625366,1211.8971347808838,1020.5508470535278,1224.1065502166748
U,986.3154888153076,1140.989065170288,845.4432487487793,505.28067350387573,960.4195356369019,443.1236982345581,910.7620120048523,1213.402509689331,1014.3638849258423,1209.2700004577637
U,906.7824482917786,1034.0250730514526,835.4748487472534,326.3120651245117,990.1143908500671,268.48119497299194,913.510799407959,1318.2142972946167,1061.3503456115723,1300.337553024292
U,907.9265594482422,1070.7380771636963,809.775710105896,360.24701595306396,966.8145775794983,307.3604702949524,890.0229930877686,1356.3785552978516,1042.5431728363037,1325.2025842666626
U,912.5574231147766,903.53924036026,739.2078638076782,199.34189319610596,888.2806897163391,163.10900449752808,869.277834892273,1311.3317489624023,956.8986892700195,1330.2831649780273
U,927.2857904434204,959.3290090560913,755.889892578125,249.76515769958496,912.7315282821655,207.01289176940918,876.3659000396729,1349.1826057434082,963.6722207069397,1390.3350830078125
U,899.802029132843,920.224666595459,709.4598412513733,181.10424280166626,869.9564337730408,153.50878238677979,825.8429765701294,1332.8152894973755,932.4688911437988,1345.144510269165
U,915.6094193458557,944.0118670463562,724.726140499115,191.80643558502197,877.9504895210266,177.88666486740112,842.6318168640137,1379.3572187423706,946.5222358703613,1394.7629928588867
U,677.5884628295898,935.5199337005615,503.4668445587158,169.6697473526001,656.8285822868347,136.78789138793945,648.8609910011292,1361.0769510269165,727.7101278305054,1390.6257152557373
U,879.0727853775024,1060.8439445495605,735.4063391685486,367.83653497695923,915.9699082374573,311.7303252220154,930.073082447052,1321.0954666137695,1048.7778186798096,1349.7588634490967
U,916.304349899292,1085.5207443237305,898.5549807548523,219.41733360290527,1086.5907669067383,148.7714648246765,1018.6629295349121,1344.6555137634277,1221.6227054595947,1272.1532583236694
U,908.0153107643127,1146.6001272201538,849.6377468109131,255.05197048187256,1048.237919807434,179.31604385375977,960.3057503700256,1370.0125217437744,1174.9402284622192,1299.070119857788
U,1147.2463607788086,1073.6702680587769,956.0824036598206,332.0062756538391,1095.4928398132324,245.13012170791626,1056.853175163269,1163.2486581802368,1162.1825695037842,1223.915934562683
U,1117.2443628311157,1115.660548210144,933.8957071304321,323.9626884460449,1065.0253295898438,225.62211751937866,1014.397382736206,1197.1750259399414,1110.0258827209473,1238.7348413467407
U,1191.6112899780273,1121.3147640228271,988.7793660163879,338.34028244018555,1145.1044082641602,231.65690898895264,1071.9033479690552,1207.5603008270264,1186.442255973816,1257.175087928772
V,965.5443429946899,1120.9983825683594,641.0335302352905,219.84106302261353,1158.6544513702393,244.92323398590088,859.9041104316711,1442.517638206482,980.301022529602,1436.7636442184448
V,1092.790961265564,1179.827094078064,707.115650177002,349.2395281791687,1259.1304779052734,374.139666557312,1015.4318809509277,1470.8099365234375,1116.1302328109741,1482.170820236206
V,1078.413486480713,1037.589430809021,709.1735601425171,416.0591959953308,1069.7988271713257,346.94749116897583,966.9888615608215,1146.53480052948,1065.282940864563,1147.1920013427734
V,1093.2055711746216,1015.9947872161865,722.6577997207642,434.4756007194519,1087.7621173858643,347.8904962539673,974.4682908058167,1146.8169689178467,1061.6267919540405,1139.2030715942383
V,1096.1357355117798,1155.504822731018,700.9724378585815,246.3344931602478,1206.8486213684082,284.66689586639404,1018.9510583877563,1335.823655128479,1161.7742776870728,1346.868872642517
V,1062.1448755264282,1160.3872776031494,660.1806879043579,249.18967485427856,1200.3626823425293,294.91108655929565,970.5612659454346,1338.9360904693604,1119.4391250610352,1337.3491764068604
V,987.170398235321,1055.063247680664,637.0279788970947,221.71318531036377,1183.842420578003,359.66700315475464,810.2024793624878,1375.871181488037,884.2519521713257,1459.4826698303223
V,947.2715854644775,1013.3374929428101,588.1894826889038,167.4337387084961,1142.2806978225708,296.0256338119507,785.3067517280579,1327.6724815368652,854.4629812240601,1409.3506336212158
V,940.7572746276855,961.2164497375488,550.3355264663696,120.48441171646118,1109.5706224441528,235.1604700088501,772.7001309394836,1275.0368118286133,850.8530259132385,1344.6204662322998
V,947.4356174468994,1053.1010627746582,567.6072239875793,184.1471791267395,1118.8325881958008,320.7826614379883,761.3832354545593,1345.7300662994385,822.0323920249939,1439.2530918121338
V,959.8417282104492,1059.0699911117554,581.6603302955627,182.85876512527466,1149.5965719223022,333.1547975540161,778.0184149742126,1359.5901727676392,838.3862376213074,1451.4752626419067
V,922.2573041915894,1195.4102516174316,578.8282155990601,329.7131657600403,1094.5194959640503,376.60670280456543,820.4107880592346,1482.8064441680908,924.462080001831,1502.6829242706299
V,1377.222239971161,1351.882964372635,1087.5613987445831,343.76293420791626,1550.2525866031647,352.47817635536194,1285.8916819095612,1629.5556724071503,1422.6886630058289,1740.7271265983582
V,1346.065104007721,1329.660713672638,1059.1697692871094,328.9274126291275,1530.3975343704224,342.54923462867737,1262.4196708202362,1634.9713504314423,1400.0162482261658,1765.1453614234924
V,1324.6455788612366,1280.1365554332733,1031.5006226301193,322.7663040161133,1512.5347673892975,313.58517706394196,1236.1115217208862,1573.7131237983704,1386.7200911045074,1682.0646822452545
V,1398.4765112400055,1417.745053768158,941.946879029274,480.53525388240814,1542.7929162979126,415.13293981552124,1212.2950702905655,1601.8596291542053,1352.6006042957306,1641.1502659320831
V,1496.9336986541748,1531.0662984848022,1062.1073096990585,509.44752991199493,1644.9013352394104,464.1921818256378,1346.050351858139,1623.7446665763855,1449.3072032928467,1706.395000219345
V,1482.0314943790436,1513.5818719863892,1006.5760463476181,443.0188983678818,1678.171306848526,349.9206155538559,1295.2961027622223,1630.8748722076416,1386.7336511611938,1702.1945118904114
W,1001.2205839157104,1237.2571229934692,380.41841983795166,406.0475826263428,774.8820185661316,307.9181909561157,1200.21653175354,507.78865814208984,956.6123485565186,1430.9213161468506
W,1105.3495407104492,1083.3141803741455,496.00180983543396,363.85464668273926,881.7271590232849,229.1012406349182,1312.4746084213257,374.99094009399414,1107.0297956466675,1233.0445051193237
W,1189.2825365066528,1057.4681758880615,712.2610807418823,452.2660970687866,1063.7867450714111,371.9366192817688,1369.7012662887573,500.8357763290405,1029.7458171844482,1226.840853691101
W,1190.9210681915283,1046.4518070220947,742.672324180603,440.5238628387451,1063.767910003662,366.5664792060852,1345.2188968658447,479.62915897369385,1033.7181091308594,1209.4240188598633
W,1038.4231805801392,1176.716923713684,486.02432012557983,432.6452612876892,801.7471432685852,339.7994637489319,1186.4906549453735,478.2676100730896,1046.7031002044678,1414.429783821106
W,1013.6514902114868,1273.1294631958008,569.6024894714355,497.77156114578247,878.6666393280029,382.99739360809326,1209.458827972412,602.9121279716492,1022.995114326477,1532.9458713531494
W,998.6437559127808,924.2408871650696,234.13264751434326,94.92331743240356,612.5810146331787,53.786516189575195,1093.3421850204468,227.6434302330017,806.2297105789185,1253.7643909454346
W,1085.2618217468262,1065.7340288162231,311.212420463562,183.15249681472778,736.5947365760803,126.37335062026978,1196.0673332214355,290.879487991333,946.303129196167,1353.196382522583
W,957.6047658920288,1098.8364219665527,186.74013018608093,207.47631788253784,626.8203854560852,152.22591161727905,1051.2418746948242,327.4145722389221,825.2906203269958,1380.763292312622
W,1035.5865955352783,1094.833254814148,282.42671489715576,213.27859163284302,711.1861109733582,157.68110752105713,1143.5219049453735,320.70815563201904,900.5361795425415,1391.3722038269043
W,1011.2203359603882,1042.1992540359497,260.2907717227936,130.00011444091797,717.2327041625977,83.67830514907837,1106.9436073303223,283.9352488517761,866.3814067840576,1343.4115648269653
W,926.7416596412659,1129.4056177139282,313.5783076286316,353.4893989562988,742.0874834060669,229.36993837356567,1174.497127532959,406.72051906585693,933.2212805747986,1308.913230895996
W,1580.0832211971283,1551.49444937706,645.6197798252106,564.6148324012756,1183.8927865028381,373.27393889427185,1686.1121356487274,578.451007604599,1492.8342401981354,1839.9432301521301
W,1471.8614518642426,1543.5650944709778,676.6334921121597,621.1338937282562,1180.4189532995224,378.92572581768036,1654.3462872505188,661.3605469465256,1482.0989966392517,1825.8808553218842
W,1499.2685616016388,1535.3232622146606,729.6621799468994,607.8052520751953,1205.3271383047104,326.0994702577591,1702.529788017273,620.5859035253525,1476.9572019577026,1856.16135597229
W,1641.5728628635406,1278.6062061786652,1016.022190451622,557.4558675289154,1348.3117520809174,484.2321574687958,1833.9507281780243,654.8872590065002,1489.311009645462,1507.8143775463104
W,1585.6494009494781,1267.3701345920563,955.7589888572693,525.1194536685944,1319.7176158428192,470.47100961208344,1761.5559697151184,632.7937543392181,1432.8132569789886,1503.2164752483368
W,1542.9869294166565,1249.4085729122162,915.0827676057816,506.5251886844635,1269.1938877105713,437.31778860092163,1780.257523059845,630.4697692394257,1397.9987800121307,1469.767838716507
X,1300.0067472457886,1282.0279598236084,1306.8939447402954,789.406418800354,1230.4539680480957,1233.011245727539,1098.8614559173584,1229.4940948486328,1156.8409204483032,1211.445927619934
X,1176.2480735778809,1031.8536758422852,1177.3912906646729,546.5502738952637,1103.4590005874634,973.9415645599365,990.1509284973145,985.4687452316284,1048.5494136810303,935.5571269989014
X,1249.588131904602,1108.1551313400269,1263.1192207336426,690.332293510437,1127.2130012512207,1070.306420326233,1066.1139488220215,1072.1889734268188,1112.277865409851,1076.6502618789673
X,1243.4102296829224,1098.0674028396606,1245.7119226455688,652.7327299118042,1111.1007928848267,1051.376223564148,1056.2787055969238,1045.5257892608643,1093.5335159301758,1058.4861040115356
X,882.565975189209,1043.6925888061523,907.2656631469727,649.2971777915955,633.105218410492,1091.9522047042847,601.1475920677185,1156.8691730499268,711.5328311920166,1255.4869651794434
X,1092.1765565872192,827.7601599693298,1060.6837272644043,440.8307671546936,923.3620166778564,793.1365370750427,892.9753303527832,919.638991355896,953.9544582366943,952.3304104804993
X,1012.4871730804443,946.0805654525757,942.7891969680786,374.75571036338806,989.4593954086304,880.5070519447327,850.1009941101074,918.3099865913391,895.9113955497742,955.9959173202515
X,1087.5585079193115,1037.2543334960938,1001.266360282898,568.5091614723206,1019.6677446365356,968.6704277992249,898.1989622116089,996.2028861045837,961.8317484855652,1030.6155681610107
X,1068.0912733078003,1017.0989036560059,970.2447652816772,516.5407657623291,1030.5122137069702,953.7676572799683,992.8585290908813,986.3030910491943,1044.072151184082,1012.8145217895508
X,1100.8150577545166,1090.6188488006592,1048.283338546753,578.872799873352,1044.6929931640625,1000.2272129058838,904.2894244194031,1033.6761474609375,953.8175463676453,1064.1628503799438
X,1086.6992473602295,1082.149863243103,1022.2983360290527,539.0915870666504,1043.3671474456787,990.322470664978,885.4331374168396,1020.9194421768188,931.8169355392456,1074.8618841171265
X,1212.7540111541748,1250.5515813827515,1218.94109249115,731.7996621131897,1166.155219078064,1193.6324834823608,1040.320873260498,1201.389193534851,1084.0798616409302,1184.5916509628296
X,1259.8891258239746,1029.1353464126587,1138.564944267273,587.5657200813293,1001.9779205322266,980.1521301269531,1016.8055295944214,1020.7825899124146,1098.5738039016724,1066.5419101715088
X,1260.4169845581055,1079.4321298599243,1170.3364849090576,530.7943224906921,1053.1067848205566,1096.5454578399658,1035.121202468872,1172.708511352539,1140.1638984680176,1208.2843780517578
X,1275.4892110824585,1008.5306167602539,1106.5925359725952,491.9980764389038,1036.8486642837524,1015.4787302017212,1046.677589416504,1113.1844520568848,1177.1410703659058,1166.6622161865234
X,1247.793436050415,1141.6661739349365,1266.5698528289795,580.805778503418,1212.0392322540283,1106.804370880127,1074.2312669754028,1154.0230512619019,1121.3053464889526,1112.7264499664307
X,1317.8319931030273,1158.0712795257568,1198.2498168945312,622.3064661026001,1202.6381492614746,1064.319372177124,1119.273066520691,1197.1346139907837,1195.0697898864746,1167.6712036132812
Y,300.56577920913696,690.5813813209534,867.137610912323,1153.4968614578247,987.5666499137878,1252.0921230316162,1129.663109779358,1298.9771366119385,1505.9988498687744,544.9663996696472
Y,326.5846371650696,562.5941753387451,858.3248257637024,961.7447257041931,985.1506352424622,1051.203727722168,1128.6976337432861,1098.2916355133057,1495.6413507461548,347.3528325557709
Y,643.4773206710815,596.7293977737427,930.3455352783203,1131.7048072814941,1025.6922245025635,1210.1614475250244,1114.56298828125,1248.2465505599976,1542.3685312271118,620.2248334884644
Y,615.7069206237793,580.2578330039978,947.0416307449341,1107.5019836425781,1040.6641960144043,1182.53755569458,1129.198670387268,1231.04989528656,1564.5347833633423,605.4831743240356
Y,240.35978317260742,364.50788378715515,640.5326128005981,907.7209830284119,754.4726729393005,1024.3685245513916,835.4994654655457,1135.653018951416,1381.4005851745605,574.0727782249451
Y,265.8339738845825,407.6300263404846,689.8025274276733,965.0650024414062,795.5753803253174,1093.7182903289795,888.4348273277283,1193.7364339828491,1432.6376914978027,652.9321670532227
Y,205.30259609222412,608.7280511856079,628.4549236297607,1130.5347681045532,747.4530339241028,1230.1052808761597,874.5437264442444,1309.8175525665283,1389.3911838531494,732.6952815055847
Y,114.0546202659607,529.1024446487427,514.197051525116,1113.6494874954224,642.855167388916,1184.5080852508545,788.7063026428223,1251.784086227417,1340.0061130523682,642.2250270843506
Y,102.47337818145752,539.8589372634888,510.44756174087524,1069.3237781524658,634.7141265869141,1169.8055267333984,761.6361975669861,1243.9169883728027,1296.1556911468506,683.5805773735046
Y,63.11464309692383,487.42830753326416,492.2724962234497,1011.3257169723511,612.7403378486633,1110.4423999786377,739.3710613250732,1190.4594898223877,1259.7949504852295,617.5876259803772
Y,173.1136441230774,489.3806576728821,604.9468517303467,1024.1498947143555,733.5143089294434,1119.4994449615479,865.6635284423828,1200.1008987426758,1406.7153930664062,629.9397945404053
Y,272.857129573822,786.8599891662598,863.1719946861267,1221.662998199463,980.6601405143738,1304.079532623291,1120.752453804016,1333.1185579299927,1431.566834449768,590.1060104370117
Y,301.19025707244873,530.807614326477,847.8311896324158,1161.129117012024,1005.5285692214966,1287.5628471374512,1138.9456987380981,1308.9154958724976,1543.761968612671,400.81971883773804
Y,425.87220668792725,480.63063621520996,933.3290457725525,1151.3934135437012,1023.1403112411499,1242.0071363449097,1135.148525238037,1297.1185445785522,1566.482663154602,594.1677093505859
Y,481.20278120040894,507.6361894607544,951.5444040298462,1180.0014972686768,1025.077223777771,1269.7067260742188,1123.281478881836,1329.8583030700684,1563.4596347808838,638.5780572891235
Y,450.86991786956787,536.2266302108765,983.8649034500122,1160.7389450073242,1068.9232349395752,1266.545057296753,1175.1973628997803,1314.488410949707,1564.266324043274,566.3632154464722
Z,1291.0358905792236,1368.161678314209,1602.9185056686401,801.2964129447937,1020.5509662628174,1266.6879892349243,1081.1998844146729,1324.051856994629,1178.8291931152344,1284.8621606826782
Z,1168.919324874878,1198.8911628723145,1465.2475118637085,549.6665239334106,891.1718726158142,1109.4677448272705,968.7613248825073,1155.738353729248,1110.414743423462,1042.4799919128418
Z,1188.9245510101318,1234.2572212219238,1390.7077312469482,650.6720781326294,967.5281047821045,1159.3828201293945,991.634726524353,1203.2337188720703,1090.9148454666138,1191.056728363037
Z,1152.3576974868774,1240.1025295257568,1371.3067770004272,597.7984666824341,962.7777934074402,1127.9863119125366,973.7730026245117,1172.0070838928223,1084.1246843338013,1079.0480375289917
Z,1295.8219051361084,963.6621475219727,1535.407543182373,534.633994102478,1027.0780324935913,1139.3578052520752,1060.3322982788086,1129.2729377746582,1085.283875465393,1112.342357635498
Z,1009.4449520111084,985.0224256515503,1276.3917446136475,563.0092024803162,760.434091091156,1158.5420370101929,785.7832908630371,1162.721872329712,810.3651404380798,1174.0399599075317
Z,1102.6098728179932,1262.1968984603882,1264.1515731811523,733.8355779647827,752.4973154067993,1163.8708114624023,846.2011218070984,1222.7476835250854,952.3390531539917,1219.9538946151733
Z,1072.5915431976318,1207.6588869094849,1239.8568391799927,691.335916519165,734.0622544288635,1108.9692115783691,814.3443465232849,1177.4271726608276,942.0990943908691,1188.4605884552002
Z,1036.8030071258545,1171.6697216033936,1215.8769369125366,622.4066019058228,659.3435406684875,1065.6009912490845,758.171796798706,1125.9708404541016,882.199227809906,1142.1070098876953
Z,1061.4759922027588,1231.348156929016,1255.2239894866943,700.4996538162231,692.0145750045776,1135.133147239685,796.0017919540405,1185.6003999710083,912.4118089675903,1202.7559280395508
Z,1022.6716995239258,1218.3244228363037,1244.3132400512695,692.8441524505615,668.3650612831116,1167.5289869308472,743.0339455604553,1221.2510108947754,841.0152196884155,1255.0020217895508
Z,1287.7378463745117,1356.6653728485107,1619.7280883789062,742.10125207901,1020.7856893539429,1240.33522605896,1085.2553844451904,1300.717830657959,1214.745283126831,1234.7421646118164
Z,1308.4471225738525,1240.6516075134277,1574.965238571167,624.2830753326416,933.4729909896851,1218.9923524856567,949.7429728507996,1349.1958379745483,979.2660474777222,1349.063754081726
Z,1304.813265800476,1259.7122192382812,1421.506643295288,754.6979188919067,1489.990472793579,523.3515501022339,966.8375253677368,1350.1559495925903,1002.2326707839966,1393.130898475647
Z,1236.464023590088,1379.6887397766113,1425.746202468872,898.2681035995483,1376.5590190887451,735.5790734291077,918.4595346450806,1391.2421464920044,952.1093368530273,1422.6348400115967
Z,1248.0850219726562,1299.1712093353271,1646.4816331863403,505.734384059906,1027.334213256836,1184.112548828125,1014.777421951294,1235.8545064926147,1179.7583103179932,1026.426076889038
Z,1151.5642404556274,1394.6888446807861,1507.3437690734863,483.0121099948883,833.1694602966309,1210.4411125183105,883.9257955551147,1268.7196731567383,957.1190476417542,1217.4454927444458
Z,1254.379391670227,1354.7744750976562,1481.3652038574219,463.59893679618835,983.1598401069641,1032.1474075317383,951.6230225563049,1237.3305559158325,1035.8319282531738,1139.0467882156372
